Title,CPI INDEX 07.1 : PURCHASE OF VEHICLES 2015=100,CPI INDEX 05.6 : Goods and services for routine maintenance 2015=100,CPI INDEX 05.5 : TOOLS AND EQUIPMENT FOR HOUSE AND GARDEN 2015=100,"CPI INDEX 05.4 : GLASSWARE, TABLEWARE AND HOUSEHOLD UTENSILS 2015=100","CPI INDEX 05.3 : Household appliances, fitting and repairs 2015=100",CPI INDEX 05.2 : HOUSEHOLD TEXTILES 2015=100,"CPI INDEX 05.1 : Furniture, furnishings and carpets 2015=100","CPI INDEX 04.5 : ELECTRICITY, GAS AND OTHER FUELS 2015=100",CPI INDEX 04.4 : Water supply and misc. services for the dwelling 2015=100,CPI INDEX 04.3 : REGULAR MAINTENANCE AND REPAIR OF THE DWELLING 2015=100,CPI INDEX 04.1 : ACTUAL RENTS FOR HOUSING 2015=100,CPI INDEX 03.2 : FOOTWEAR INCLUDING REPAIRS 2015=100,CPI INDEX 03.1 : CLOTHING 2015=100,CPI INDEX 02.2 : TOBACCO 2015=100,CPI INDEX 02.1 : ALCOHOLIC BEVERAGES 2015=100,"RPI: Ave price - Salmon fillets, per Kg",CPI INDEX 06 : HEALTH 2015=100,"CPI INDEX 05 : FURN, HH EQUIP & ROUTINE REPAIR OF HOUSE 2015=100","CPI INDEX 04 : HOUSING, WATER AND FUELS 2015=100",CPI INDEX 01.2 : NON-ALCOHOLIC BEVERAGES 2015=100,CPI INDEX 03 : CLOTHING AND FOOTWEAR 2015=100,CPI INDEX 01.1 : FOOD 2015=100,"CPI INDEX 02:ALCOHOLIC BEVERAGES,TOBACCO & NARCOTICS 2015=100",CPI INDEX 12 : MISCELLANEOUS GOODS AND SERVICES 2015=100,CPI INDEX 01 : FOOD AND NON-ALCOHOLIC BEVERAGES 2015=100,"CPI INDEX 11 : HOTELS, CAFES AND RESTAURANTS 2015=100",CPI INDEX 00: ALL ITEMS 2015=100,CPI INDEX 10 : EDUCATION 2015=100,CPI INDEX 09 : RECREATION & CULTURE 2015=100,CPI INDEX 08 : COMMUNICATION 2015=100,CPI INDEX 07 : TRANSPORT 2015=100
1988 JAN,87.8,41.1,69.4,81.4,108.1,119.7,62.3,29.3,21.6,39.6,31.1,153.5,201.2,16.3,54.3,,37.9,68.9,31.7,45.5,192.5,48.2,27.3,45.3,48,32.9,48.4,12.3,73.7,98.1,40.5
1988 FEB,87.5,41.3,69.7,81.8,108.4,121.1,62.8,29.2,21.6,39.8,31.2,154.1,202.6,16.3,54.7,,37.9,69.3,31.7,45.9,193.7,48.5,27.4,45.5,48.3,33,48.6,12.3,73.9,98,40.5
1988 MAR,88.5,41.5,69.9,82.1,108.8,122.3,63.7,29.1,21.6,39.9,31.2,155.7,204.1,16.3,55,,38.5,69.8,31.7,46.2,195.3,48.6,27.5,45.6,48.4,33.1,48.7,12.3,74,98.1,40.7
1988 APR,89.9,41.7,69.7,82.7,109.3,122.6,64.1,29.5,23.2,40.2,32.9,156.2,204.5,16.6,55.7,,38.7,70.1,32.5,46.6,195.6,48.9,27.9,45.8,48.7,33.5,49.3,12.4,75.3,98.1,41.2
1988 MAY,90.4,41.8,69.9,83.2,110,122.9,64.5,30,23.2,40.3,33,156.7,208,16.6,55.9,,38.8,70.5,32.8,47.2,198.4,49,28,46,48.8,33.7,49.5,12.4,75.6,98,41.4
1988 JUN,91.4,42.1,70.3,83.2,109.8,123.1,64.6,30.5,23.2,40.4,33.1,156.7,208.9,16.6,56,,38.9,70.6,33.1,47.7,199.1,49,28,46.2,48.9,33.8,49.7,12.4,75.6,98,41.7
1988 JUL,92.2,42.8,70.4,83.6,108.9,121.8,64.2,30.8,23.2,40.7,33.2,156.1,204.4,16.6,56,,39,70.5,33.4,48.1,195.6,48.5,28,46.6,48.5,33.9,49.7,12.4,75.7,98,42
1988 AUG,92.9,43.1,70.8,84.2,109.3,122.1,64.4,30.8,23.2,40.9,33.2,157.2,204.3,16.6,56.1,,39.2,70.9,33.4,48.5,195.8,48.7,28,46.8,48.7,34.1,49.9,12.4,75.8,98,42.1
1988 SEP,93.4,43.4,70.9,84.7,110.2,122.9,65,30.8,23.2,41,33.3,158.3,207.6,16.7,56.2,,39.3,71.4,33.4,48.8,198.6,48.9,28.1,47,48.9,34.4,50.1,13.1,75.8,98.6,42.3
1988 OCT,93.8,43.7,71.1,84.5,110.4,123.3,65.3,30.9,23.2,41.1,33.6,161.8,211.6,16.7,56.4,,39.6,71.6,33.6,48.9,202.5,48.9,28.2,47.2,49,34.5,50.3,13.1,76.1,98.6,42.4
1988 NOV,93.7,43.6,71.8,84.9,111,124.1,65.6,30.9,23.2,41.3,33.7,162.3,213,16.9,55.7,,39.8,71.9,33.6,49,203.7,49.3,28.2,47.6,49.3,34.7,50.5,13.2,76.2,98.6,42.3
1988 DEC,93.2,43.7,71.8,84.8,110.9,124.4,65.7,31,23.2,41.3,33.5,162.7,213.9,16.9,55.1,,39.8,72,33.6,49.2,204.4,49.7,28.1,47.7,49.7,34.8,50.6,13.2,76.3,98.6,42.2
1989 JAN,93.1,44,72.2,84.4,109.9,123,64.9,31,23.3,41.4,33.7,161.2,208.7,17,56.3,,40.7,71.6,33.7,49.4,200.2,50.1,28.4,48.4,50.1,35,50.8,13.2,76.4,98.5,42.6
1989 FEB,92.8,44.3,72.5,84.9,109.8,124,65.4,31,23.3,41.6,33.7,162.4,210.8,17,56.9,,41,71.9,33.7,49.7,202.1,50.2,28.5,48.7,50.2,35.1,51,13.2,76.6,98.5,42.7
1989 MAR,93.6,44.6,72.8,85.3,109.8,124.7,66.1,31,23.3,41.7,33.7,162.5,211.8,17,57.1,,41,72.3,33.8,49.9,202.8,50.5,28.6,48.8,50.5,35.2,51.2,13.2,76.7,98.5,43
1989 APR,94.3,45.1,73.1,85.7,110,125.9,66.4,31.3,26.7,42.3,36,163.3,216.2,17,57.6,,41.6,72.7,35,50.3,206.4,51.1,28.7,49.4,51.1,35.4,51.9,13.2,77.2,98.6,43.8
1989 MAY,94.5,45.4,73.5,86,110.2,125.9,66.7,31.6,26.3,42.4,36.1,164.2,217.6,17,57.8,,41.9,73,35.1,50.4,207.7,51.5,28.8,49.5,51.4,35.6,52.2,13.3,77.9,98.5,44.3
1989 JUN,95,45.7,73.6,86.4,110.1,126,66.7,32,26.3,42.6,36.2,164.7,218,17,58,,42.2,73.1,35.4,50.5,208.1,51.6,28.8,49.5,51.6,35.7,52.3,13.3,78,98.5,44.5
1989 JUL,95.2,45.9,74.3,86.8,109.9,124.2,66.4,32.2,26.3,42.9,36.2,163.9,212.9,17,58.1,,42.3,73,35.5,50.7,204.1,51.3,28.8,49.7,51.3,35.9,52.3,13.3,78.3,98.4,44.5
1989 AUG,95.2,46,74.8,87.5,109.6,126.1,66.6,32.3,26,43,36.3,164.3,212.9,17,58.3,,42.6,73.3,35.6,51,204.1,51.5,28.8,49.8,51.5,36.2,52.4,13.3,78.4,98.5,44.2
1989 SEP,95.5,46.1,75,88.1,110.1,126.3,67,32.4,26.1,43.2,36.3,166.2,217.7,17.1,58.5,,42.6,73.6,35.7,51.2,208.3,51.9,29,49.9,51.8,36.5,52.7,13.9,78.6,100.4,44.3
1989 OCT,95.5,46.4,75.6,88.7,110.5,127.2,67.5,32.5,26.1,43.5,36.6,168.5,220.3,17.3,58.6,,42.8,74.1,35.9,51.3,210.8,52.5,29.2,50.2,52.4,36.8,53.1,13.9,79.1,101.8,44.5
1989 NOV,94.9,46.7,75.8,88.9,110.8,127.6,67.7,32.6,26.1,43.6,36.7,169,221.8,17.4,58.2,,42.9,74.3,36,51.3,212.1,53.1,29.2,50.5,52.9,36.9,53.3,14,79.7,102.6,44.3
1989 DEC,93.5,46.8,76,89,110.9,127.7,68,32.7,26.1,43.7,36.8,169.3,221.5,17.4,57.7,,42.9,74.5,36.1,51.5,212,53.5,29.1,50.7,53.4,37.1,53.4,14.1,79.8,102.7,43.9
1990 JAN,92.9,47.1,76.3,89.1,109.6,126,67.9,32.9,26.4,44.2,36.9,168.9,215.6,17.4,58.6,,44,74.3,36.3,51.8,207.4,54.3,29.3,50.9,54.1,37.3,53.6,14.2,80.1,102.8,44.2
1990 FEB,93.4,47.5,76.6,89.6,110.1,127.3,68.4,32.7,26.4,44.6,37,170.4,218.2,17.4,59.3,,44.1,74.8,36.3,52.2,209.8,54.8,29.5,51.2,54.6,37.5,54,14.3,80.4,103,44.6
1990 MAR,94.3,48.1,77,90.3,110.5,128.3,69.5,32.8,26.4,44.8,37,171.2,219.7,17.4,59.9,,44.6,75.5,36.4,53.2,211.2,55,29.6,51.5,54.9,37.6,54.2,14.3,80.6,103,44.9
1990 APR,95.2,48.5,77.3,90.6,111.5,128.6,69.6,33.3,29.8,45.2,39.9,172.5,223.6,18.1,61.5,,44.9,75.9,37.8,53.9,214.4,55.5,30.5,51.6,55.4,38.5,55.2,14.3,81.6,102.9,45.9
1990 MAY,95.9,49,77.8,91.2,112,129.5,70.1,34,29.8,45.7,40,173.7,224.5,18.4,62.9,,45.1,76.4,38.3,55,215.4,56.1,31.2,51.9,56.1,39,55.7,14.4,82,103.2,46.2
1990 JUN,96.8,49.4,78.1,91.5,111.8,129.6,70.3,34.5,29.8,45.9,40.2,174.5,223.9,18.5,63.2,,45.3,76.6,38.6,55.4,215.2,56,31.3,52.1,56,39.2,55.9,14.5,82.1,103.3,46.4
1990 JUL,97.7,48.4,78.5,91.2,110.6,126.5,69.5,34.7,29.8,46.2,40.8,172.4,216.9,18.5,64.3,,45.8,75.7,38.9,55.6,209.3,55.3,31.5,52.3,55.4,39.6,55.8,14.5,82.1,103.3,46.6
1990 AUG,98.4,49.2,79,92.3,111.1,127.8,70.6,35.3,29.8,46.7,40.9,174.8,219,18.5,63.9,,46,76.6,39.3,55.8,211.5,55.9,31.5,52.7,56,39.9,56.4,14.6,82.4,103.3,47.7
1990 SEP,98.4,49.1,79.7,92.9,111.8,130.3,71.4,35.6,29.8,47,40.9,176.6,224.7,18.5,64.2,,46.7,77.2,39.5,55.9,216.3,56.1,31.5,52.9,56.1,40.3,57,15.5,82.8,107.3,48.8
1990 OCT,98.4,50,80.1,93.2,112.8,129.1,71.7,36.3,29.8,47.3,41.2,178.3,227.4,18.7,64.3,,47.1,77.7,40,55.8,218.8,56.1,31.8,53.3,56.2,40.5,57.4,15.5,83.6,109.5,49.1
1990 NOV,97.9,50.7,80.2,93.8,112.8,130.9,72.2,36,29.7,47.5,41.2,179.6,229.3,18.8,64,,47.3,78.2,39.9,55.8,220.6,56.6,31.8,53.5,56.6,40.7,57.5,15.6,84.1,110.4,48.4
1990 DEC,96.9,51,80.3,94.7,113.3,130.8,72.6,35.9,29.7,47.8,41.3,180.1,229.1,18.9,63.3,,47.3,78.6,39.9,55.6,220.6,57,31.8,53.5,56.9,41,57.5,15.6,84.2,110.6,47.5
1991 JAN,95.7,51.6,80.9,93.5,109.5,125.5,70.6,36.2,29.7,48.5,41.4,178,218.2,19,64.4,,47.7,77.2,40.2,54.9,211.6,57.5,32.1,53.8,57.3,41.2,57.4,15.7,84.3,110.7,47.4
1991 FEB,96.7,51.8,81.7,94.7,110.8,127,71.7,36.2,29.7,49,41.5,178.8,218.9,19,65.6,,47.8,78.1,40.3,55.9,212.3,58.2,32.3,54.1,58,41.4,57.7,15.7,84.6,110.8,47.5
1991 MAR,97.3,52.3,81.8,95.6,112.6,128.4,72.4,35.8,29.7,49.3,41.5,179.9,221.6,19,66.2,,48.2,78.9,40.2,56.2,214.7,58.2,32.5,54.3,58,41.5,57.9,15.7,84.5,110.8,47.8
1991 APR,98.4,53,83.6,97.7,116.3,130.2,72.8,36.1,35,50.3,45.1,183,226.3,21.2,70.1,,49.6,80.2,42.1,57.3,219.1,58.8,35.5,55.5,58.7,43.5,59.9,15.9,87.2,113.2,49.5
1991 MAY,99.7,53.7,84.4,98.1,117.7,131.5,74,36.8,35,50.9,45.2,183.8,227.3,21.4,70.9,,50.1,81.2,42.5,57.8,220.1,58.6,35.8,55.8,58.6,43.7,60.3,16,87.7,113.5,50.2
1991 JUN,101.2,54.3,84.8,99.4,117,132,74.2,37.4,35,51.3,45.2,183.5,228,21.4,71.3,,50.4,81.5,42.9,58.2,220.6,59.2,35.9,55.9,59.2,44,60.6,16.1,87.7,113.7,50.5
1991 JUL,102.4,54.5,85.4,98.9,115.5,127.8,72.7,37.9,35,51.4,45.2,180,217.3,21.4,71.1,,50.7,80.5,43.1,58.7,211.4,58.3,35.9,56.1,58.4,44.4,60.5,16.1,87.9,114.1,50.9
1991 AUG,102.8,55.1,85.8,99.8,117.2,130.8,74.4,38,35,51.9,45.4,182.3,220.9,21.4,71.1,,51.3,81.9,43.3,58.7,214.7,59,35.8,56.4,59,44.6,60.9,16.2,88.3,114.1,51.1
1991 SEP,103.8,55.1,85.9,99.4,118.2,131.5,74.9,38.1,35,51.9,45.3,182.3,227.6,21.4,71.2,,51.4,82.2,43.3,58.9,220,58.4,35.9,56.3,58.6,44.8,61.1,17.9,88.3,115.7,51.2
1991 OCT,104.3,55.1,86.5,99.1,119,131.7,75.1,38.1,35,52.1,45.4,183.9,230.7,21.4,71.2,,51.9,82.4,43.4,59.3,222.7,58.4,35.9,56.8,58.6,45,61.3,18,88.5,117.1,51.5
1991 NOV,104.4,55.2,86.2,99.3,119.4,132.1,75.6,38.2,35,52,45.6,183.7,231.6,21.8,70.6,,52,82.7,43.5,59.4,223.4,59,36.1,56.9,59.2,45.2,61.5,18.1,88.7,117.7,51.6
1991 DEC,104.2,55.4,86.5,99.6,119.2,131.7,76.5,38.1,35,52.3,45.6,185.3,231.8,22,69.6,,52.1,83.1,43.5,59.6,224,59.2,36.1,56.7,59.3,45.3,61.6,18.1,89,117.7,51.4
1992 JAN,104.4,56.2,86.7,98.3,116,126.7,73.7,38,35,52.4,45.8,180,217.8,22.1,71,,52,81.3,43.5,60.7,211.9,59.7,36.5,57.4,59.9,45.4,61.4,18.2,88.9,117.5,51.2
1992 FEB,105.2,56.9,87.1,99.1,116.6,127.7,74.4,38.1,35,52.5,45.9,179.9,219.5,22.1,71.6,,52.1,82,43.6,61.6,213.2,60,36.7,57.5,60.2,45.5,61.7,18.3,89,117.5,51.6
1992 MAR,106.5,56.8,87.4,99.2,118.2,129,75.4,38,35,52.8,45.9,180.6,222.7,22.1,72.1,,52.7,82.7,43.6,62,215.8,60.1,36.8,57.7,60.4,45.6,62,18.3,89.4,117.4,52.1
1992 APR,106.8,57.3,87.3,98.6,119.1,128.9,75.1,38.1,38.5,52.6,48.7,180.7,224.7,23.4,73.1,,53.3,82.8,44.8,62,217.3,59.8,38.2,58.3,60.1,46.1,62.7,18.3,90.5,117.4,52.7
1992 MAY,107.3,57.7,87.4,99.1,118.1,128.5,75.5,38.2,38.6,52.8,48.7,180.7,224.6,23.5,73.5,,53.5,82.9,44.9,62,217.3,60.1,38.4,58.5,60.4,46.3,62.9,18.4,90.6,117.3,53
1992 JUN,107.9,57.7,85.7,99.6,118.2,129.1,75,38.2,38.6,52.1,48.7,181.2,225.4,23.5,73.7,,53.7,82.6,44.8,61.9,218.1,59.8,38.4,58.5,60.2,46.5,62.9,18.4,90.6,117.4,53.2
1992 JUL,107.7,58.2,88.2,97.6,114.9,124.9,73.9,38.3,38.6,53.4,48.8,176.7,214.6,23.5,73.9,,54.1,81.7,45,61.8,208.6,59,38.5,58.8,59.4,46.8,62.6,18.4,90.4,117.2,53.2
1992 AUG,107.7,58.4,87.9,98.7,114.3,127.6,74.9,38.1,38.6,53.5,48.8,176,214.2,23.5,74,,54.3,82.3,45,61.6,208.2,59.2,38.5,58.6,59.5,46.9,62.7,18.5,90.5,117.2,53.1
1992 SEP,106.9,58.4,88.3,99.2,117.3,128,75.7,38,38.6,53.3,48.8,179.7,223.3,23.5,74,,54.4,83.1,44.9,61.4,216,59,38.5,58.8,59.3,47.1,62.9,19.8,90.6,117.2,52.8
1992 OCT,105.6,58.6,88.3,98.3,119,127.8,75.7,38,38.6,53.1,49.1,182.2,226.6,23.5,74.4,,54.5,83.3,45,61.1,219.2,59.2,38.6,58.9,59.5,47.3,63.1,19.9,90.6,117.2,52.9
1992 NOV,104.4,58.7,88.4,98.8,118.5,128.7,76,38.1,38.6,53.2,49.2,182.2,225.6,23.7,73.9,,54.8,83.5,45,61,218.5,59.1,38.6,59.2,59.4,47.5,63.1,19.9,90.8,117.2,52.9
1992 DEC,102.7,58.6,88.4,98.5,119.1,129.3,77.5,37.9,38.6,53.2,49.2,181.7,224.5,24,72.6,,54.9,84.1,45,60.7,217.4,59.7,38.7,58.9,59.9,47.6,63.2,19.9,90.8,117.2,52.7
1993 JAN,100.1,59.1,88.7,97,116.7,123.7,73.6,37.9,38.6,53.1,49.1,176.6,212.2,24.1,73.8,,55,81.9,44.9,60.8,206.7,59.9,39,59.3,60,47.7,62.8,20,90.7,117.7,52.1
1993 FEB,101.2,59.1,89.1,98,117.1,124.6,74.4,37.9,38.6,53.5,49.2,178.1,213.9,24.1,74.5,,55,82.4,45,61.5,208.3,60.5,39.2,59.6,60.7,47.8,63.2,20.1,91,118.3,52.6
1993 MAR,102.5,59.1,89.8,98.2,118.4,125.5,75.4,37.9,38.6,53.5,49.2,180.1,216.9,24.1,75.2,,55.2,83.1,45,62.5,211.2,61,39.4,60,61.2,47.9,63.6,20.1,91.1,118.8,53.2
1993 APR,103.8,59.3,89.7,98.4,119.3,125.5,75.8,37.8,41.9,53.2,52.2,181.7,218.9,25,75.6,,55.8,83.4,46.2,62.1,213.1,60.7,40.3,60.5,60.9,48.6,64.3,20.2,91.8,118.8,54.1
1993 MAY,104.8,59.2,89.5,98.5,119.4,125.9,76.1,37.6,41.9,53.2,52.2,182.3,219.8,25.2,75.9,,54.7,83.6,46,62.3,214,61.4,40.5,60.5,61.6,48.7,64.5,20.3,92,118.9,54.4
1993 JUN,106.8,58.8,89.6,98.7,118.4,124.2,75.4,37.4,41.9,53.2,52.3,181.7,217.8,25.2,75.7,,53.1,83,46,62.2,212.2,61.1,40.5,60.5,61.3,48.9,64.5,20.3,91.9,116.1,55.1
1993 JUL,107.5,59.1,90,96.5,115.8,121.6,73.5,37.4,41.9,53.1,52.3,176.3,209.3,25.2,75.5,,52.8,81.6,46,62,204.4,61.1,40.4,60.7,61.2,49.2,64.2,20.4,91.9,117.5,55.1
1993 AUG,108.1,59.2,90.1,96.8,115.8,124.2,74.9,37.3,41.9,53.3,52.4,177.8,212.2,25.5,75.5,,53.1,82.5,46,62.2,207,61,40.7,61.2,61.2,49.3,64.5,20.4,92.2,117.7,55.2
1993 SEP,108.5,59.4,90.4,97.7,117.5,124.7,75.1,37.4,41.9,53.2,52.5,180.5,221.1,25.6,75.8,,53.2,82.9,46.1,62.2,214.6,60.8,40.9,61.5,61,49.5,64.8,21.7,92.4,117.8,55.3
1993 OCT,107.6,59.9,90.1,97.9,118.2,123,74.6,37.5,41.9,53.2,52.6,182.3,221.7,25.7,75.8,,53.1,82.8,46.2,62.3,215.4,60.2,40.9,61.5,60.5,49.6,64.7,21.8,92.4,117.8,55
1993 NOV,104.5,59.7,89.8,98.8,118.2,124.9,75.2,37.5,41.9,53.3,52.7,183.2,221.9,25.7,74.7,,55.8,83.2,46.1,60.7,215.8,59.9,40.7,61.6,60.1,49.7,64.6,21.8,92.7,118.3,54.2
1993 DEC,103.8,59.2,89.7,98.7,119.4,125.2,76,37.4,41.9,53.4,52.7,183,221.3,26.2,73.7,,55.6,83.5,46.1,60,215.2,60.1,40.9,61.1,60.2,49.8,64.7,21.9,92.8,118.1,54.6
1994 JAN,105.1,59.4,89.3,96.1,116.2,120,72.7,37.3,41.9,53.3,52.6,175.6,208.6,26.8,75.4,,53.2,81.3,46.1,60.5,203.6,60.4,41.8,61.3,60.5,49.9,64.5,22,92.6,115.2,55
1994 FEB,106.8,59.3,89.6,95.9,115.7,122.2,73.5,37.2,41.9,53.4,52.6,178.1,211.6,26.9,75.8,,55.8,81.6,46,61.7,206.5,60.7,42,61.7,60.9,50,64.8,22,92.7,114.8,55.4
1994 MAR,108.3,59.1,89.8,97.3,117.1,123.4,74.9,37.1,41.9,53.5,52.6,180.6,214.1,26.9,75.5,,53.4,82.6,46,62.4,209.1,61.1,41.9,61.9,61.3,50.1,65,22,92.8,112.6,55.7
1994 APR,108.6,59.1,89.4,96.6,117.5,121.9,74.5,40,45,53.7,54.8,180.6,214.1,27,75.8,,53.9,82.3,48.4,62.3,209.1,61.3,42.1,61.7,61.5,50.2,65.5,22.1,93.1,113.1,56
1994 MAY,109.1,59.2,89.1,96.5,117.6,124.1,74.5,39.8,45,53.8,54.9,180.1,214.3,27.1,75.7,,56.8,82.4,48.3,62.7,209.1,61.8,42.2,61.8,62,50.3,65.8,22.1,93.3,113.1,56.2
1994 JUN,108.7,59.1,89,97.3,116.8,123.6,74.4,39.8,45,53.8,54.9,180.3,213.7,27.1,75.5,,54.7,82.3,48.3,62.8,208.7,61.8,42.1,61.9,62,50.6,65.8,22.2,93.3,113,56.2
1994 JUL,108.3,58.6,88.3,95,114.5,119,72.6,39.9,45,53.9,54.9,173.9,204.2,27.1,75.5,,54.6,80.6,48.4,62.2,199.7,61.4,42.1,61.7,61.6,50.8,65.4,22.2,92.8,112.6,56.1
1994 AUG,107.6,58.7,88.7,97.6,114.4,122.9,74.4,40,45,54,54.9,177,209.1,27.1,75.3,,56.7,81.8,48.4,63.3,204.3,61.5,42.1,62,61.8,51,65.7,22.2,93.1,112.6,56.4
1994 SEP,107.5,58.6,88.5,97.7,114.8,124.7,74.9,39.9,45,54,55,178.6,216,27.1,75.5,,56.4,82.1,48.4,63.4,210.2,60.8,42.2,62.1,61.2,51.1,65.8,23.1,93.2,112,56.3
1994 OCT,106.7,58.7,88.6,97.1,114.5,122.8,75,39.9,45,54.1,55,179,215.5,27.1,75.3,,55,82,48.4,63.2,209.8,60.7,42.1,62.1,61.1,51.3,65.7,23.1,93.5,109.6,55.9
1994 NOV,106.5,59,88.9,97.5,114.4,125.7,76,39.8,45,54.2,55,180.2,216.6,27,74.5,,54.7,82.7,48.4,62.6,211,61,41.8,62.2,61.3,51.4,65.7,23.2,93.6,109.6,55.7
1994 DEC,106.1,58.9,89,97.8,114.5,126,77.2,39.8,45,54.3,55.1,180.2,216.9,27.5,73.4,,56,83.2,48.5,62.2,211.2,61.6,42,62.3,61.7,51.6,66,23.2,93.6,109.6,56.1
1995 JAN,106.7,59.2,88.7,95.7,112.7,119.8,74.3,39.9,45,54.2,55.2,173.5,205.4,28.2,75.3,,54.8,81.4,48.5,64,200.6,62.1,43.1,62.2,62.4,51.9,66,23.3,93.7,109.7,56.5
1995 FEB,108.1,59.5,88.9,96.7,114.9,121.3,75.4,40,45,54.4,55.2,174.6,206.1,28.5,76.5,,54.3,82.4,48.6,64.8,201.4,62.4,43.7,62.2,62.7,52.1,66.3,23.3,93.7,109.9,56.8
1995 MAR,109.5,59.6,88.7,98.9,115.3,122.7,77,40,45,54.4,55.1,177.1,208.1,28.5,77,,55.9,83.3,48.6,65.5,203.6,62.8,43.8,62.5,63.2,52.3,66.7,23.3,93.9,110.3,57.3
1995 APR,110.1,60,88.5,98.8,114.6,121.9,76.8,40.1,47.9,54.5,57.7,177.4,209.8,28.8,76.8,,55.6,83.1,49.8,65.9,205,62.8,44,62.5,63.1,52.4,67,23.3,94.2,110.6,57.7
1995 MAY,109.9,60.1,88.3,99.8,116.6,124.3,77.3,40,47.7,54.6,57.8,178.3,210.6,28.9,77.5,,56.1,83.8,49.8,65.8,205.8,63.9,44.3,62.8,64.2,52.6,67.4,23.4,94.2,110.7,57.7
1995 JUN,111.3,60.3,88.6,100.4,114,123.9,77.4,40,47.7,54.8,57.9,178.3,209.9,29,77.4,,55.6,83.6,49.8,66,205.2,63.5,44.3,62.8,63.9,52.9,67.4,23.4,94.5,110.6,58.2
1995 JUL,111,60.6,88.1,99.5,113.2,120.1,75.5,40,47.6,54.5,57.9,173.2,199.4,29,77.6,,55.8,82.5,49.8,66.1,195.8,63,44.3,62.6,63.4,53.1,67.1,23.4,94.7,107.5,58.2
1995 AUG,110.3,61.1,88,99.8,113.9,122.7,77,40,47.6,54.8,57.9,173.6,202.7,28.9,77.2,,55.8,83.5,49.8,66.4,198.5,64.2,44.2,62.9,64.5,53.3,67.4,23.4,95,107.6,57.9
1995 SEP,110.3,61.2,87.7,97.2,116.8,125.2,78,40.1,47.6,55.2,58.1,177.2,211.2,28.9,77.5,,56.9,84.2,50,67.2,206,64.3,44.2,63.2,64.7,53.3,67.7,24.1,95.3,107.6,57.8
1995 OCT,108.9,61.8,88,97.3,114.8,123.7,78.5,40.1,47.6,55.7,58,178.5,211.1,28.9,78.2,,56.3,84.3,50,67.3,206.3,63.4,44.4,62.9,63.8,53.5,67.6,24.1,95.3,107.8,57.3
1995 NOV,107.7,61.5,87.9,98.3,114.9,126.1,79.9,40.1,47.6,55.9,58.1,179.2,212.3,28.9,76.9,,56.3,85,50.1,67.3,207.3,63.4,44.1,63.1,63.9,53.6,67.6,24.1,95.4,107.7,56.8
1995 DEC,107.2,61.4,87.6,97.9,116.4,126.3,81.8,40.2,47.6,55.8,58.1,177.8,212.9,29.6,75.3,,56.6,85.9,50.1,67.1,207.5,64.1,44.2,63.1,64.5,53.7,68,24.1,95.7,107.9,57.8
1996 JAN,108.7,61.6,88,96.9,112.5,121.5,77.1,40.2,47.4,56.6,58.4,171,198.4,30.2,77,,57,83.2,50.3,67.3,194.5,64.5,45.2,62.6,64.9,53.7,67.8,24.2,95.5,107.4,58.4
1996 FEB,110.5,61.6,88,97.7,113.4,123.9,78.9,40.2,47.4,56.8,58.4,170.4,199.1,30.3,78.2,,57.2,84.2,50.3,68.8,194.9,65.1,45.6,63.2,65.6,53.8,68.1,24.2,95.7,107.5,58.4
1996 MAR,111,61.5,87.8,98.1,114.4,125.4,81.3,40.2,47.4,56.9,58.5,172,201.6,30.3,78.4,,57.7,85.5,50.4,69.4,197.2,65.6,45.7,63.2,66.1,53.9,68.4,24.2,95.8,107.4,58.5
1996 APR,111.9,61.7,88.1,98,113.7,123.7,80.4,40.3,49.9,56.9,60,171.8,202.5,30.6,78.9,,58.4,85,51.2,69.3,197.9,65.6,46,63.5,66.1,54.1,68.7,24.3,96.2,107.5,59
1996 MAY,112.4,61.8,88.4,100,114.6,125.7,80.8,40.2,49.9,57,60.1,172.2,203.3,30.8,79,,58.2,85.6,51.2,69,198.6,66.2,46.2,63.5,66.6,54.3,68.9,24.3,96.1,107.7,59.2
1996 JUN,112.8,61.7,88.4,100,114.5,125.3,81,40.3,49.9,57.2,60.2,172.1,203.2,30.8,79.1,,58.4,85.6,51.4,69.2,198.6,66.1,46.3,63.5,66.5,54.7,69,24.4,96.1,107.5,59.3
1996 JUL,112.7,62,88.1,98,112.6,121,78.9,40.3,49.9,57.9,60.3,163.2,192.3,30.8,79.5,,58.4,84.2,51.5,69.1,188,65.1,46.4,63.7,65.6,54.9,68.6,24.4,95.9,106.9,59.3
1996 AUG,113.3,62.1,88.6,99.3,113.2,124.2,80,40.2,49.9,57.9,60.4,163.1,195.1,30.8,79,,58.6,85,51.5,69.2,190.2,66,46.3,63.7,66.4,55.1,68.9,24.4,96.1,107.1,59.8
1996 SEP,114,62,88.8,100.4,113.4,126.2,80.8,40.3,49.9,57.9,60.5,168.8,205,30.9,79.1,,58.8,85.6,51.5,69.2,199.4,65.2,46.3,63.9,65.7,55.2,69.3,25,96.1,107,60.5
1996 OCT,113.8,62.3,88.4,99,113.9,124.2,80.3,40.2,49.9,58.2,60.5,169.7,205.1,30.9,79.3,,58.2,85.3,51.6,69.1,199.6,64.6,46.4,64.5,65.1,55.4,69.3,25.1,96.3,104.9,60.7
1996 NOV,112,62.3,88.7,100.5,114.4,126.3,81.5,40,49.9,58.4,60.6,171.3,207.4,30.9,78.7,,58.2,86.1,51.5,69.1,201.8,64.3,46.2,64.7,64.8,55.5,69.3,25.1,96.6,104.9,60.6
1996 DEC,111.2,62.3,88.7,100.2,114,126.9,83.5,40,49.9,58.6,60.6,171.2,207.4,31.5,77.6,,58.9,87,51.5,68.9,201.8,64.4,46.3,64.8,64.9,55.6,69.5,25.2,96.6,104.9,61
1997 JAN,113.1,61.4,88.8,97.4,112,121,78.4,39.7,49.9,60,60.8,162.1,194.3,32.1,78.6,,58,83.8,51.7,69.1,189.3,64.9,47.1,64.6,65.4,55.6,69.2,25.3,96.4,104.2,61.5
1997 FEB,114.3,61.2,89.1,97.9,110.9,123.5,79.4,39.8,49.9,60.1,60.8,160,195.4,32.2,79.5,,58.5,84.3,51.7,70.2,189.8,64.7,47.5,64.8,65.3,55.8,69.4,25.3,96.5,104.2,61.8
1997 MAR,114.8,61.4,89.2,98.3,112,124.7,82.9,39.8,49.9,60.4,60.8,160.9,198.6,32.3,79,,59.5,86.1,51.8,70.6,192.6,64.2,47.4,65,64.9,55.9,69.5,25.4,96.4,103.6,61.8
1997 APR,114.5,61.7,88.9,98.6,113.4,123.6,81.3,39.7,52,60.5,61.9,161.3,199.4,32.7,79.3,,60,85.5,52.3,71,193.3,64.4,47.8,65.4,65.1,56.1,69.8,25.4,96.9,103.7,61.7
1997 MAY,114.1,62,89.1,98.6,113.9,125,81.5,39.5,52,60.7,62,162.5,200.3,32.9,80,,60.1,85.9,52.3,71.3,194.2,64.9,48,65.5,65.6,56.4,70,25.4,97.1,103.6,61.8
1997 JUN,114.9,62.2,88.7,98.6,112.2,124.8,81.4,39.3,52,60.9,62,162.2,199.1,32.9,79.3,,59.6,85.7,52.3,71.6,193.2,65.5,47.9,65.5,66.2,56.7,70.2,25.5,97.1,103.2,62.1
1997 JUL,114.9,62.4,88.3,95.9,109.6,119.6,80.1,39.2,52,61,62,156.7,188.2,32.9,79.5,,59.7,84.3,52.3,71.8,183.3,65.1,48,65.4,65.8,57,69.9,25.5,97.3,103.4,62.9
1997 AUG,114.9,62.4,88.1,97.7,110.4,122.8,81.5,39.2,52,61.2,62.2,158.3,191.9,33.4,79.6,,60.9,85.4,52.3,72,186.7,65.3,48.3,65.5,66,57,70.3,25.5,97.4,103.7,63.3
1997 SEP,114.9,62.4,87.9,99.2,111.8,124.2,81.9,38.1,52,61.3,62.2,162,200.8,33.4,79.7,,60.9,85.8,51.9,72.3,194.6,65.1,48.4,65.7,65.9,57.2,70.6,26.6,97.5,104.1,63.5
1997 OCT,114.5,62.6,88.1,98.1,112.6,122,81.4,38.1,52,61.6,62.4,162.4,200.5,33.5,79.7,,59.7,85.6,52,72.6,194.4,65.1,48.4,66.1,65.9,57.3,70.6,26.7,97.6,104.1,63.4
1997 NOV,114,62.7,88.7,99.4,111.5,124.9,83.2,38,52,61.8,62.4,163.8,203.2,33.5,78.8,,59.8,86.5,52,71.5,196.8,64.9,48.2,66.4,65.6,57.5,70.6,26.7,97.6,103.9,63.2
1997 DEC,113.6,62.8,88.4,98.3,112.3,125.2,85.3,37.8,52,61.7,62.5,163.1,202.5,34.2,77.8,,60.7,87.5,51.9,72,196.1,64.9,48.4,66.4,65.6,57.5,70.7,26.7,97.6,103.8,63.1
1998 JAN,114.1,63.1,88.3,94.9,110.3,118.9,78.9,37.5,52,62.2,62.6,153.8,186.9,35.1,79.5,,59.9,84,51.9,72.3,181.7,64.8,49.6,66.4,65.6,57.8,70.3,26.8,97.4,103.5,63.3
1998 FEB,115,63.1,88.7,97.8,110.1,123.3,80.2,37.6,52,62.5,62.6,151.9,189.1,35.2,80.7,,61.2,85,52,74.4,183.1,64.5,50,67.1,65.5,58,70.5,26.8,97.5,103.1,63.4
1998 MAR,115.1,63.5,88.2,97.6,111.2,124.7,83.1,37.7,52,62.6,62.7,153.1,192.4,35.2,81.1,,61.4,86.6,52.1,74.8,186,64.3,50.1,67.2,65.4,58.1,70.7,26.8,97.3,103.1,63.4
1998 APR,114.8,63.5,87.8,95.6,111.8,122.7,81.1,37.7,55.1,63.6,63.6,154.9,191.4,35.8,80.8,,61.8,85.4,52.8,74.4,185.6,64.6,50.5,67.6,65.6,58.3,71.1,26.8,97.6,103,64.3
1998 MAY,114.7,63.8,87.7,97,112.4,124.3,82.3,37.5,55.1,63.9,63.7,155.6,194.1,35.9,81.3,,61.9,86.3,52.8,75.1,187.9,65.6,50.7,67.9,66.6,58.7,71.4,26.8,97.7,102.9,64.5
1998 JUN,114.3,64,87.5,97.1,110.6,122.5,81.8,37.3,55.2,64,63.8,155.8,193.4,35.9,80.8,,62.4,85.8,52.8,74.8,187.4,65.3,50.6,68.1,66.3,58.8,71.3,26.8,97.6,102.8,64.4
1998 JUL,113.4,63.9,87.3,96.2,109,119,80.6,37.2,55.1,64.1,63.9,150.1,179.9,36,81.3,,62.3,84.8,52.8,74.4,175.3,65.2,50.7,68.2,66.2,59.1,71,26.8,97.5,102.4,64.3
1998 AUG,113.1,64.1,87.4,97.2,109.3,121.2,80.8,37.1,55.1,64.3,64,151.5,183.7,36,81.3,,62.2,85.2,52.8,74.5,178.7,66,50.8,68.5,66.9,59.3,71.2,26.9,97.5,101.3,64.4
1998 SEP,113,64.4,86.5,98,109.3,123,81.9,37.2,55.1,64.4,64.2,155.2,194.1,36,81.4,,62.2,85.8,52.9,74.5,187.8,65.7,50.8,68.6,66.6,59.4,71.5,28.2,97.5,101.2,64.3
1998 OCT,112.4,64.7,86.4,96.6,109.7,120.7,81,37.3,55.1,64.6,64.4,155.7,192.2,36,81.5,,62.4,85.3,53.1,74.7,186.3,65.8,50.9,68.8,66.7,59.6,71.5,28.2,97.7,101.3,64.1
1998 NOV,111.8,64.8,86.7,98.4,110.5,123.4,82.7,37.3,55.2,64.8,64.4,155.9,194,36.1,80.6,,62.6,86.5,53.1,74.6,187.9,65.6,50.6,68.9,66.6,59.7,71.6,28.2,97.6,101,63.8
1998 DEC,110.6,65,86.8,98.2,110.3,125.2,86.9,37.2,55.2,64.8,64.5,154,193.1,37.1,80.2,,62.4,88.5,53.1,73.9,186.8,66.3,51.3,69,67.1,59.9,71.8,28.3,97.6,101,63.3
1999 JAN,111.9,65.1,86.6,94,109.1,118.6,79.3,37.3,55.2,65.1,64.5,147.2,177.6,37.9,81.6,,62.3,84.2,53.2,74.5,173,66.5,52.3,69.1,67.3,60.1,71.4,28.3,97.7,100.9,63.7
1999 FEB,111.9,65.4,87.4,96,108.9,120.7,80.7,37.3,55.2,65,64.5,146.4,179.6,38,81.8,,62.6,85.2,53.1,75.3,174.3,66.5,52.4,69.3,67.4,60.3,71.5,28.3,97.4,100.7,63.6
1999 MAR,111.7,65.3,85.3,96.4,109.2,122.7,83.5,37.4,55.2,65.1,64.5,148.4,182.4,39.3,81.7,,62.6,86.6,53.2,75.3,177,66,53.3,69.1,67,60.3,71.9,28.3,97.5,100.7,64.6
1999 APR,111.8,65.7,84.7,95.2,108.4,120,81.4,37.3,57.5,65.2,65.6,148.5,181.3,39.9,81.5,,62.7,85.2,53.8,74.4,176.2,65.7,53.7,69.7,66.6,60.6,72.2,28.3,98,100.4,65.7
1999 MAY,111.4,65.8,84.9,95.5,109.9,122.2,82.5,37.2,57.5,65.3,65.7,149.3,182.8,39.9,81.8,,62.8,86.1,53.8,73.9,177.5,66.2,53.8,69.8,67,60.9,72.4,28.3,98.1,99.8,65.7
1999 JUN,111.1,66,85.3,95.6,109.4,121.7,81.2,37.2,57.5,65.6,65.7,149.8,182.4,40,82.3,,62.7,85.5,53.9,74.2,177.3,65.8,54,70,66.6,61.1,72.3,28.4,98.1,99.4,65.6
1999 JUL,110,65.5,85,93.5,104.5,117.5,80.5,37.3,57.5,65.8,65.8,145,171.1,40.7,81.8,,62.9,84.1,54,74,167.2,65.1,54.3,70.4,66,61.2,71.9,28.4,97.8,98.9,65.6
1999 AUG,109.1,65.8,85.2,94.2,107.6,120.6,80.5,37.3,57.5,66,65.9,146.7,174.5,40.7,82.1,,63.2,84.7,54.1,73.6,170.4,65,54.5,70.6,65.9,61.3,72.1,28.4,97.7,99.1,66
1999 SEP,108.5,65.7,85.3,95.3,108.8,121.3,81.5,37.4,57.5,66,66.1,149.8,182.7,40.8,81.8,,63.7,85.4,54.2,73.9,177.6,64.8,54.4,70.5,65.8,61.3,72.4,29.8,97.8,98.6,65.8
1999 OCT,107.5,65.7,85.2,94.7,108.4,119,80.6,37.5,57.5,66,66.2,149.6,180.9,40.8,82,,63.8,84.8,54.2,73,176.1,64.8,54.5,70.7,65.7,61.5,72.3,29.9,98.3,97,65.8
1999 NOV,106.5,65.7,86.1,96.2,108.4,120.8,82.4,37.5,57.5,66.3,66.2,149.7,181.5,40.8,81.3,,64,85.9,54.3,72.9,176.6,65.1,54.3,70.7,65.9,61.5,72.4,29.9,98.3,97.2,65.6
1999 DEC,105.5,65.8,86.3,95.8,108.7,120.6,85.8,37.7,57.5,66.6,66.4,147.9,180.1,40.8,80.6,,63.9,87.6,54.5,72.5,175.1,65.2,54.1,70.6,66,61.6,72.6,29.9,98.3,97.7,65.8
2000 JAN,103.7,66.5,86.4,90.8,106.4,113.4,78,37.7,57.5,67.1,66.5,139.6,165.5,40.8,82.1,0,64.1,83.2,54.6,72.7,161.5,65.2,54.6,70.6,66,61.7,71.9,29.9,98.1,97.7,65.6
2000 FEB,106,65.9,86.4,92.1,106.3,115.7,78.7,37.7,57.5,67.1,66.5,141,168.2,41.2,82,0,64.1,83.6,54.6,73,164,65.1,54.8,70.4,65.9,61.8,72.2,29.9,98.2,97.1,66.1
2000 MAR,105.8,65.6,84.5,93.8,105.4,117.7,80.6,37.8,57.5,67,66.5,143,170.3,41.2,82.1,0,64.4,84.5,54.6,73.3,166.1,64.5,54.8,70.5,65.4,62,72.3,29.9,98.1,96.8,66.6
2000 APR,105.8,66.1,84.8,93.4,105.6,115.2,80.6,37.3,52.1,67.2,67.6,143.2,170.9,43.8,81.8,0,64.6,84.4,54.3,72.8,166.7,64.3,56.6,70.5,65.2,62.3,72.6,29.9,98.3,96.2,67.2
2000 MAY,106,66,84,93.4,105.3,117.5,80.9,37,52.1,67.3,67.7,143.6,170.6,43.8,81.8,0,64.7,84.6,54.2,73.2,166.4,65,56.7,70.8,65.9,62.7,72.8,29.9,98.5,95.7,67.3
2000 JUN,105.7,66.4,83.5,92.8,105,115.1,80.2,36.8,52.1,67.3,67.8,143.7,169.6,43.9,81.9,0,64.7,84.1,54.2,72.9,165.6,65.3,56.7,70.6,66.1,62.9,72.9,29.9,98.4,95.6,68.1
2000 JUL,104.8,66.7,83.4,89.5,101.2,109.1,79.1,36.9,52.1,67.5,68,137.3,155.3,43.9,81.6,0,64.9,82.4,54.4,73,152.6,65.9,56.6,70.8,66.6,63.1,72.5,29.9,98.2,96.4,68.1
2000 AUG,104.4,66.7,83.8,91.2,103.6,110.6,79.1,36.9,52.1,67.9,68.1,137.8,158.4,44.2,81.4,0,65.3,83,54.5,72.8,155.3,65.3,56.8,71.1,66.1,63.5,72.5,29.9,98.4,94.4,67.4
2000 SEP,103.9,66.8,83.9,92.3,102.3,114.1,81.4,37.6,52.1,67.9,68.3,142.5,164.7,44.5,81.8,0,65.4,84.3,54.8,72.8,161.4,65.5,57.1,71.2,66.3,63.6,73.1,31.6,99,93.7,67.7
2000 OCT,103.2,67.4,83.7,90.8,102,111.2,80,37.9,52.1,68.2,68.5,142.3,165.1,44.5,81.6,0,65.5,83.4,55,72.8,161.6,65.5,57.1,71.5,66.3,63.8,73.1,31.9,99.2,93.6,67.2
2000 NOV,101.4,67.3,83.6,92.7,102.9,114.2,81.2,37.6,52.1,68.3,68.5,144.5,165.9,44.5,81.4,0,65.4,84.4,54.9,72.5,162.7,65.9,57,71.6,66.7,63.9,73.2,31.9,98.9,93.8,67.3
2000 DEC,101,67.4,83.7,92.5,102.9,115.3,83.9,37.5,52.1,68.6,68.6,142.4,164.8,44.5,80.5,0,65.6,85.6,54.9,72.4,161.4,66.1,56.8,71.8,66.8,64,73.2,31.9,98.9,92.7,67
2001 JAN,100.7,68.3,83.6,89.1,99.7,109.2,78.5,37.2,52.1,68.8,68.7,134.3,152.6,44.5,81.9,946,66,82.4,54.9,72.7,149.8,66.2,57.2,72,67,64.1,72.6,31.9,98.5,89.9,66.6
2001 FEB,100.5,68,82.5,90.6,101.3,112.7,79.1,37.2,52.1,69.1,68.7,135.8,154.7,45,82.1,959,66.1,83.1,55,73.1,151.8,66.3,57.6,72.3,67.1,64.2,72.7,31.9,99,89,66.4
2001 MAR,100.7,67.8,82.5,90.9,101.7,114.5,81.3,37.2,52.1,69,68.7,137.4,157,45.6,82.1,965,66.6,84.2,54.9,73.2,154.1,67.2,58,72.4,67.9,64.5,73,31.9,98.9,87.7,66
2001 APR,100.9,68.2,82.3,90.6,101.5,113.4,80.5,37.6,54.3,69.6,70.1,137.6,155.1,45.7,82.2,902,67,83.8,55.9,73.4,152.5,67.4,58.2,72.9,68.1,64.9,73.4,31.9,99.4,87.5,67
2001 MAY,101.2,68,82.4,91.1,102.2,114.1,81.4,37.8,54.3,69.8,70.2,137.3,155.6,45.8,82,944,67.5,84.3,56.1,73.2,152.8,69.5,58.1,73.3,70,65.2,74,31.9,99.7,87.8,67.9
2001 JUN,101.2,67.9,82.6,90.8,101.7,113.5,81.3,37.8,54.3,70,70.3,137.5,155.4,45.8,82.4,946,67.1,84.2,56.1,73.7,152.7,69.9,58.2,73.5,70.4,65.4,74.1,31.9,99.8,87.6,68.2
2001 JUL,101.3,67.8,83,89.3,99.8,108,79.4,37.7,54.3,69.4,70.4,131.1,143.5,45.8,82.2,909,67.5,82.5,56,73,141.6,68.4,58.2,73.2,69,65.6,73.6,31.9,99.9,88.4,68.4
2001 AUG,101.3,68.2,83.1,91.1,99.9,110.7,79.9,37.7,54.3,70.1,70.4,134.3,147.7,45.8,82.5,915,67.7,83.2,56.1,73.5,145.7,68.2,58.3,73.3,68.8,65.7,73.9,31.9,100.1,89.8,68.6
2001 SEP,101.2,68.6,83.1,91.8,99.9,112.3,81.9,38.2,54.3,70.2,70.4,137.3,152.6,46.3,82.1,976,67.8,84.4,56.3,72.9,150.3,68.1,58.6,73.7,68.7,65.9,74.1,33.3,100.3,89.9,67.4
2001 OCT,100.8,69,83,91.2,100.5,110.4,80.2,37.7,54.3,70.1,70.6,137.8,151.3,46.3,82.4,949,67.9,83.6,56.2,73,149.3,68.2,58.7,73.7,68.8,66.1,73.9,33.4,100.3,90.4,66.9
2001 NOV,100.2,69.1,83.1,92.1,101.4,112.5,81.7,37.5,54.3,70.1,70.6,137.7,152.1,46.3,81.7,961,68.3,84.7,56.1,72.1,149.9,68.2,58.5,73.7,68.7,66.2,73.8,33.4,100.4,90.1,65.5
2001 DEC,99.9,69.2,83.3,92,101.6,113,84.5,37.4,54.3,70.4,70.7,136.5,151.7,46.4,80.3,913,68.3,86,56.2,72.5,149.3,68.6,58.1,74,69.1,66.3,74,33.4,100.5,90.1,65.7
2002 JAN,100.3,70.1,83.8,89.6,99.9,106.9,79.4,38.2,54.3,70.7,70.8,130.8,142.3,46.4,82,957,68.8,83.1,56.6,72.7,140.5,69.2,58.6,74.3,69.7,66.4,73.7,33.4,100.4,89.8,65.8
2002 FEB,100.5,70,83.9,91.4,100.3,110.3,79.9,38.2,54.3,70.8,70.8,131.6,141.9,46.5,82.3,929,68.7,83.8,56.6,73.3,140.3,69.1,58.7,74.2,69.6,66.5,73.8,33.4,100.5,90,65.9
2002 MAR,100.4,70.1,83.8,91.3,100.4,111.8,82.3,38.2,54.3,70.8,70.8,132.8,143.4,46.4,82.3,954,69,85,56.6,73.2,141.8,69.3,58.7,74.3,69.8,66.8,74.1,33.4,100.8,89.5,66.3
2002 APR,100.5,70.2,82.1,90.1,100,108.5,81.1,38.4,55.2,71.1,72,132.6,142.7,46.5,82.5,965,69.5,83.9,57.2,73.1,141.1,69.1,58.8,74.9,69.6,67.1,74.4,33.4,101.2,89.6,67.3
2002 MAY,100.4,70.3,81.5,91,100,111.9,81.9,38.4,55.2,71.6,72.1,132.9,143.3,47.1,82.5,937,69.8,84.6,57.3,73,141.7,68.9,59.3,75.1,69.4,67.4,74.6,33.4,101.1,89.4,67.6
2002 JUN,100.4,70.5,80.6,91.2,99.5,109.5,80.8,38.4,55.2,71.9,72.2,132,141.9,47.1,82.3,959,70.1,83.9,57.4,72.9,140.4,68.3,59.2,75,68.9,67.6,74.6,33.4,101.4,89.5,68
2002 JUL,100.3,70.6,79.9,89.2,98.1,104.9,80.2,38.4,55.2,72,72.1,128.2,132.6,47.4,82.9,978,70,82.8,57.4,72.4,131.8,68.3,59.6,74.8,68.8,67.8,74.4,33.4,101.2,89.4,68.8
2002 AUG,99.7,70.4,80.3,90.2,98.9,106.8,80.2,38.4,55.2,72.2,72.1,127.5,134.4,47.4,82.3,961,70.4,83.2,57.4,72.6,133.3,68.2,59.4,74.9,68.7,68,74.6,33.4,101.8,89.6,69
2002 SEP,99.4,70.6,80.1,91.2,98.7,109.4,81.8,38.6,55.2,71.7,72.2,132,141.4,47.6,82.8,964,70.5,84.2,57.5,72.6,139.9,68.3,59.7,75.1,68.8,68.1,74.8,34.2,102,89.8,67.7
2002 OCT,99.2,70.8,80.3,90,98.7,107.7,80.5,38.7,55.2,72,72.3,132.5,140.5,47.6,82.4,993,70.6,83.4,57.6,72.5,139.2,68.4,59.6,76,69,68.3,74.9,36.3,102.2,90.1,67.6
2002 NOV,99,70.9,80.2,90.8,98.6,109.3,81.5,38.5,55.2,72.1,72.4,132.7,142.7,47.8,81.2,1002,70.7,84.1,57.6,72.4,141.1,68.4,59.4,75.9,68.9,68.4,74.9,36.3,102.3,90.2,66.8
2002 DEC,98.8,71.1,79.9,91.1,98.3,109.5,84.3,38.7,55.2,72.3,72.4,130.3,139.8,47.8,80.1,980,70.6,85.3,57.7,72.3,138.3,68.4,59.1,76.2,68.9,68.6,75.2,36.3,102.1,90.1,68.5
2003 JAN,99.2,71.7,77.7,88.7,97,104,79.6,38.8,55.2,72.6,72.3,126.6,133.8,47.8,81.5,950,71.1,82.5,57.7,72.2,132.7,68.4,59.6,75.6,68.9,68.7,74.7,36.3,101.7,90.1,68.1
2003 FEB,99.1,71.7,77.7,89.5,97.1,106.8,80,39,55.2,72.7,72.3,128,135.5,47.9,81.5,937,71.3,83,57.8,72.4,134.3,68.9,59.6,75.7,69.3,68.8,75,36.3,101.9,90.2,68.5
2003 MAR,99.1,71.3,77.3,90.4,97,107.9,82.9,39.1,55.2,72.9,72.2,129.2,136.4,47.9,81.5,941,71.4,84.2,57.8,73.1,135.2,69.1,59.6,75.8,69.6,69,75.3,36.3,101.7,90.2,69.1
2003 APR,99.3,71.7,77.3,89.8,96.6,105.7,80.7,38.7,57.7,73,72.9,128.7,136.3,48.5,82.1,926,71.7,83.1,58.2,73,135.1,69.4,60.3,75.9,69.8,69.3,75.5,36.3,101.6,90.2,70.2
2003 MAY,99.6,71.7,77.5,90.3,96.6,108.1,82.5,38.8,57.7,73,72.8,129.5,136.4,48.6,82.5,974,72,84.1,58.2,73.1,135.2,69.8,60.4,76,70.2,69.5,75.5,36.3,101.1,90.2,69.6
2003 JUN,99.5,71.5,77.7,90.5,96.3,107,81.7,38.9,57.7,73.1,72.8,128.6,135.2,48.7,82.4,905,72.1,83.6,58.3,72.9,134.1,69.4,60.5,76.1,69.8,69.7,75.4,36.3,100.7,89.5,69.5
2003 JUL,99.3,71.8,77.4,88.5,95.9,103.4,80.7,39,57.7,73.2,73.1,125.1,129.7,49.4,81,938,72.7,82.7,58.4,73,128.9,69.4,60.6,76.6,69.8,69.9,75.3,36.3,100.1,90.3,70.3
2003 AUG,99.5,72,77.1,88.3,95.6,105.5,80.9,39.2,57.7,73.3,73.1,127,132.7,49.4,82,883,72.8,82.9,58.5,72.6,131.7,69.4,60.9,76.9,69.8,70,75.6,36.3,100.3,90.3,70.7
2003 SEP,99.2,71.9,76.6,90.3,95.7,108.6,82.1,39.3,57.7,73.7,73.2,131.1,136.2,49.4,81.8,954,72.9,83.9,58.6,71.8,135.3,70.1,60.8,77.1,70.4,70.2,75.9,37.2,100.3,90.7,69.9
2003 OCT,99.3,72,76.3,88.9,95.1,106.5,81.3,39.5,57.7,74.3,73.3,131.1,135.4,49.4,82,898,73.2,83.1,58.8,72.1,134.6,70.2,60.9,78.1,70.5,70.3,76,38,100.3,90.4,69.8
2003 NOV,99.5,72.2,76.8,89.2,96.1,107.7,82.1,39.5,57.7,74.2,73.3,130.6,136.1,49.4,80.5,901,73.2,83.8,58.8,72.2,135.1,70.5,60.4,78,70.7,70.5,75.9,38,100,89.9,69.4
2003 DEC,99.3,71.9,76.5,90.7,95.1,108.8,84.2,39.7,57.7,74.4,73.4,128.9,134.4,49.3,79.9,966,72.7,84.7,58.9,72.3,133.5,70.7,60.2,78.2,70.9,70.6,76.2,38,99.9,89.8,70.6
2004 JAN,100.1,72.5,77.1,89,94.7,103.3,80,39.9,57.7,74.5,73.4,126.5,130,49.3,81.1,914,72.9,82.3,59,72.1,129.3,70.5,60.6,78.8,70.7,70.7,75.8,38,99.1,89.8,70.2
2004 FEB,100.4,72.5,76.1,90.3,94.6,106.3,81.3,40.1,57.7,74.3,73.4,126.5,129.7,49.4,81.1,836,72.8,83.2,59.1,72.5,129,70.6,60.6,78.9,70.9,70.8,76,38,99,90.4,70.6
2004 MAR,100.4,72.7,76.1,90,94.2,106.9,82.3,40.6,57.7,74.6,73.4,127.5,129.5,49.4,81.4,918,72.9,83.7,59.3,72.3,129.1,70.6,60.7,79,70.9,71.1,76.1,38,99,90.5,70.6
2004 APR,100.4,72.5,75.6,89.5,94,105.8,82.1,41.1,60.9,74.7,74.3,127.6,129.3,50.3,81.7,925,73.3,83.4,60.2,72.2,128.8,70.5,61.5,78.9,70.7,71.4,76.4,38,99.4,90.9,71.1
2004 MAY,100.2,72.6,75.8,89.7,94.1,107.9,83.1,41.4,60.9,75,74.3,127.5,129.6,50.4,82.1,913,73.4,84,60.3,72.1,129.1,70.7,61.6,78.9,70.9,71.6,76.6,38,99.1,90.8,72.1
2004 JUN,99.9,72.3,75.7,88.9,94.4,107.1,83.2,41.5,60.9,75,74.5,127.3,128.1,50.7,81.4,912,73.5,83.9,60.4,71.6,127.8,70.2,61.6,78.8,70.4,71.8,76.6,38,99.5,90.3,72.2
2004 JUL,99.6,72.3,75.4,87.3,94.3,103.9,80.4,41.6,60.9,74.9,74.7,122.9,122.8,51.1,81,859,73.6,82.2,60.5,71.5,122.6,69.6,61.9,79.1,69.9,71.9,76.4,38,99.3,89.3,73.1
2004 AUG,99.3,72.3,75.5,87.7,94.8,106,80.7,41.9,60.9,75,74.8,123.5,124.5,51.2,81.5,849,73.6,82.6,60.7,71.5,124.2,69.4,62,79.3,69.7,72,76.6,38,99.4,89.3,73.4
2004 SEP,99,72.2,75.6,88,94.8,108.1,82.2,42.1,60.9,75.2,74.9,125.8,127.9,51.2,81.8,849,73.9,83.5,60.8,71.2,127.5,69.7,62.2,79.5,69.9,72.1,76.7,38.9,99.3,88.3,72.3
2004 OCT,98.5,72.4,75.4,87.4,94.2,105.4,81.5,42.9,60.9,75.8,75.3,126.4,127.9,51.3,81.6,859,74.2,82.8,61.4,71.4,127.5,69.8,62.1,80.5,70,72.3,76.9,39.9,99.3,88.5,72.2
2004 NOV,98.4,72.3,75.2,88.6,94.3,108.7,82,43.8,60.9,75.9,75.4,126.6,128.5,51.3,80.4,828,74.3,83.5,61.7,70.9,128,70.3,61.8,80.6,70.4,72.5,77,39.9,99.1,88.2,72.2
2004 DEC,98.3,72.5,75.2,88.6,93.2,107.5,86.9,44.6,60.9,75.9,75.5,124.6,126.8,51.3,79.5,845,74.1,85.4,62.1,71,126.3,70.7,61.5,80.7,70.8,72.7,77.4,39.9,99.3,87.8,73.4
2005 JAN,98.7,72.9,74.7,86,92,101.6,80.4,45.4,60.9,76.1,75.7,121.8,121.9,51.7,80.5,851,74.7,81.9,62.5,71.2,121.7,70.9,62.1,81.6,71,72.8,77,39.9,98.8,87.7,72.2
2005 FEB,99.1,72.8,74.5,86.1,93.7,103.2,80.4,45.6,60.9,76.1,75.7,122.2,121.7,51.9,80.8,776,74.8,82.3,62.6,71.6,121.6,71.4,62.4,81.6,71.5,73,77.2,39.9,98.3,87.9,72.9
2005 MAR,99.2,72.8,74.2,86,91.8,104.5,84.3,46,60.9,76.4,75.7,122.3,122.7,51.9,79.8,790,74.8,83.7,62.8,71.5,122.5,72.1,62,81.8,72.1,73.2,77.5,39.9,98.3,87.8,73.4
2005 APR,99.1,73.2,74.3,84.6,92.5,102.8,81.8,46.3,67.9,76.5,77.1,121.4,122.3,52.8,80.2,772,75.3,82.5,64.1,71.3,122,71.4,62.8,82.2,71.4,73.8,77.8,39.9,98.8,87.9,73.8
2005 MAY,98.8,74,74,85.2,92.2,103.8,82.9,46.3,67.9,77.1,77.2,120.5,122.5,52.8,81,810,75.5,83.2,64.2,71.6,122.1,71.9,63,82.3,71.9,74,78.1,39.9,98.5,87.5,74.6
2005 JUN,98.6,74.1,74,85.1,92.3,103.3,83.6,46.6,67.9,77,77.2,120.3,122.1,52.8,81,796,75.5,83.4,64.3,71.2,121.7,72,63.1,82.5,71.9,74.1,78.1,39.9,98.4,87.7,74.6
2005 JUL,98.4,73.9,74,83.2,92.6,98.7,83.3,46.8,67.9,77.3,77.6,117.6,116.8,52.9,81.4,830,76.1,82.6,64.6,72.2,116.7,70.9,63.2,83.2,71.1,74.3,78.2,39.9,97.9,87,76.5
2005 AUG,98,74.2,73.5,84.8,93.5,101,82.3,47,67.9,76.2,77.7,118.6,118.9,52.9,81.3,823,76.3,82.7,64.5,72.3,118.7,71.1,63.2,83.3,71.2,74.6,78.4,39.9,97.4,87.4,77.4
2005 SEP,98.1,74.5,73.7,85.2,93.3,103,82.9,47.6,67.9,76.2,77.8,120.3,121,52.9,80.9,815,76.2,83.3,64.8,71.7,120.7,71.2,63.1,83.5,71.3,74.8,78.6,40.7,97.7,87.3,76.6
2005 OCT,98.1,74.7,73.4,85,92.5,99.9,82.3,49,67.9,76.6,77.9,119.7,121.1,53.3,80.8,815,76.4,82.6,65.4,71.6,120.8,71,63.3,83.9,71.1,75,78.7,41.8,97.8,87.1,76.4
2005 NOV,97.8,74.5,73.4,85.9,92.4,101.9,83.9,50,67.9,76.5,77.9,119.8,121.9,53.7,80.1,821,76.4,83.5,65.8,71.7,121.5,71.5,63.3,84,71.6,75.1,78.7,41.8,97.6,87.1,75.2
2005 DEC,97.6,75.2,73.7,86,92.3,102.1,88.2,50.8,67.9,76.7,78,117.8,121.7,53.7,79.2,821,75.9,85.4,66.1,72.4,121,71.9,63,84.1,72,75.2,78.9,41.8,97.6,87,75.4
2006 JAN,98.1,75.2,74.2,82.8,90.3,95.8,81.1,51.3,67.9,77.3,78.1,114.9,116.4,53.7,80.6,828,76.4,81.3,66.4,72.5,116,71.6,63.5,84.5,71.8,75.3,78.5,41.8,96.8,88.2,75.8
2006 FEB,98.1,75.9,74.4,83.2,89.9,98.6,81.5,51.7,67.9,77.2,78.2,115.2,116.2,53.7,80.2,862,76.5,81.9,66.6,73.1,115.9,72.1,63.4,84.6,72.2,75.5,78.8,41.8,97.5,88.3,75.9
2006 MAR,98.1,76.2,74.7,83.8,87.2,98.7,85.2,53.1,67.9,77.3,78.2,115.5,117.1,53.8,80.7,859,76.4,83.3,67.2,72.6,116.7,71.6,63.6,84.8,71.8,75.8,78.9,41.8,97,88.2,76
2006 APR,98.1,76.4,74.3,83.9,87.2,97.3,82.2,55.7,71.6,77.6,79.3,115.3,117,54.7,81,873,77.4,81.9,69,73.2,116.6,71.4,64.3,85.5,71.7,76,79.4,41.8,97.2,88.2,77.1
2006 MAY,98.2,76.6,74,84.2,88,98.6,83.1,58.4,71.6,77.3,79.4,116.2,117.9,54.9,80.8,889,77.7,82.5,70,74.2,117.5,72.4,64.4,85.7,72.7,76.4,79.9,41.8,97,87.2,77.5
2006 JUN,98.1,77.1,74.3,84.7,87.4,98.7,84.7,59.7,71.6,77.6,79.5,115.6,117.3,55.7,81.3,924,77.6,83.3,70.6,74.5,116.9,73,65.1,86.1,73.2,76.5,80.1,41.8,96.8,87.5,77.5
2006 JUL,98,76.9,74.1,82.1,88.4,95.3,81.8,60.4,71.6,77.7,80,113.2,111.4,55.7,80.8,993,78,81.5,71,74.4,111.5,73.2,65,86.2,73.3,76.7,80,41.8,96.5,87.3,79
2006 AUG,97.9,77.2,74.5,83.3,89.6,96.8,82.5,60.9,71.6,78.2,80.2,113.9,114.3,55.8,81.5,1035,78.3,82.3,71.3,74.8,114.1,73.5,65.3,86.5,73.7,76.8,80.4,41.8,96.5,86.7,79.3
2006 SEP,97.9,77.2,75,84.2,92.2,97.1,84.3,61.7,71.6,78.4,80.1,116,116.8,55.8,81.4,1015,78.4,83.6,71.7,75.9,116.5,73.8,65.2,86.8,74.1,77,80.5,43.6,96.7,87.1,77.1
2006 OCT,97.9,77.8,75.3,84.3,88.1,95.8,82.5,63.6,71.6,78.4,80.2,116,117.2,55.9,81.6,1035,78.8,82.3,72.4,76.2,116.8,74.2,65.3,87,74.5,77.3,80.6,47.6,96.7,87.8,76
2006 NOV,97.9,77.8,75.2,85,88,97.8,83.6,65,71.6,78.6,80.4,116.1,118,55.9,80.6,1040,78.8,83.1,73.1,75.8,117.6,75,65,87,75.2,77.5,80.8,47.6,96.9,87.7,75.7
2006 DEC,97.8,78,75.4,85.2,88,97.8,89.9,66.1,71.6,79.2,80.5,113.8,116.6,55.9,79.8,1050,78.9,85.9,73.6,76.2,116,75.2,64.8,86.9,75.3,77.6,81.3,47.6,97.3,87.4,77
2007 JAN,98.2,78.7,75.4,82.9,86.5,93.4,81.1,66.2,71.6,79.9,80.7,111.9,111.3,56.8,80.8,1005,79.3,81.7,73.9,75.2,111.2,74.5,65.7,87.1,74.6,77.8,80.6,47.6,96.5,86.6,76.5
2007 FEB,98.6,78.9,75.7,84.2,87.4,95.8,82.5,66.5,71.6,80.3,80.7,112.7,111,57.1,81.3,1031,79.4,82.8,74,76.7,111.1,75.1,66.1,87.6,75.4,78,81,47.6,96.5,85.8,77
2007 MAR,98.4,79.4,75.5,84.5,89.3,95.1,88.5,66.3,71.6,80.3,80.7,113.1,112.3,57.1,82.1,1025,79.3,85.5,73.9,77,112.2,75.6,66.4,88,75.8,78.4,81.4,47.6,96.4,85.8,77.2
2007 APR,98.4,79.8,75.9,85.1,89.6,94.9,83.6,65.2,76.3,80.5,81.8,114.1,113.4,58.3,82.2,1025,79.8,83.7,74.4,77.4,113.3,75.7,67.3,87.6,76,78.8,81.6,47.6,96.4,85,78.2
2007 MAY,98.5,79.8,75.7,85.6,89.6,95.4,85.7,63.9,76.3,80.6,81.9,115.1,113.3,58.4,81.9,1018,80.1,84.6,74,78.3,113.3,76,67.1,87.6,76.3,79.1,81.8,47.6,96.2,84.5,79.5
2007 JUN,98.2,80.2,75.7,86.1,88.8,95.7,90,62.7,76.3,81.2,82,115.1,113,58.4,82.4,1038,80.3,86.5,73.6,78.1,113.1,76.5,67.3,87.6,76.7,79.3,82,47.6,95.7,84.1,80
2007 JUL,97.9,79.9,75.6,84.6,89,92.9,82.5,61.7,76.3,81.5,82.5,112.4,108.2,58.4,82,999,80.6,82.9,73.5,78.2,108.6,75,67.2,87.9,75.4,79.5,81.5,47.6,95.2,82.9,80.9
2007 AUG,97.6,79.8,75.6,84.7,88.3,94.7,83.3,61.2,76.3,81.6,82.5,113.2,109.8,58.4,82.2,1018,80.8,83.3,73.3,78.2,110.1,75.5,67.3,87.5,75.9,79.6,81.8,47.6,95.6,85,81.4
2007 SEP,97.4,79.9,75.4,85.2,90.2,95.7,86.1,61.1,76.3,81.8,82.5,113.5,111.8,58.5,82.3,1020,81,84.8,73.3,78.1,111.8,76.6,67.4,87.6,76.8,79.8,81.9,49.6,95.8,84.5,79.2
2007 OCT,97.4,79.8,75.2,85.7,89.7,93.5,84.2,61.1,76.3,82.1,82.9,113.9,111.7,58.5,81.6,1028,81.4,83.8,73.5,77.9,111.8,78,67.1,88.2,78,80,82.3,53.8,95.8,84.2,79.9
2007 NOV,97.5,80.1,74.7,85.7,91.4,94.7,85.1,61.4,76.3,82.3,83,113.7,112.4,58.5,80.9,1026,81.2,84.5,73.7,77.6,112.4,78.9,66.9,88.3,78.7,80.1,82.5,53.8,95.8,84.2,80.1
2007 DEC,97.1,80.2,75.2,86.4,91.8,95.4,89.7,61.5,76.3,82.7,83,112.5,111.5,58.4,79.9,989,81.4,86.6,73.7,77.6,111.5,79.6,66.5,88.5,79.4,80.3,83,53.8,96.1,84.1,81.4
2008 JAN,97.1,80.5,75.9,84.7,89.5,91.9,82.8,61.9,76.3,83.7,83.4,107.7,105.7,58.8,81.2,989,81.8,83.1,74.2,77.3,105.8,79.4,67.2,88.4,79.2,80.3,82.4,53.8,95.2,83.8,81.4
2008 FEB,97.3,80.9,76.2,85.8,89.2,94.7,84.4,68.4,76.3,84.1,83.4,109.1,105.6,59.5,82.1,1007,81.9,84.2,76.6,78.7,105.9,79.7,68,88.7,79.6,80.6,83,53.8,95.4,82.5,81.7
2008 MAR,97.1,81,76.3,86.8,89.5,94.6,88.2,68.9,76.3,84.2,83.4,109.6,106,59.7,81.9,955,82.1,86,76.8,79,106.3,80,68,89.1,79.9,80.9,83.4,53.8,95,82.3,82.6
2008 APR,97,80.9,76.2,86.7,89.4,93.3,86,70.6,81.3,84.4,84.6,110.2,105.8,61,85.3,1018,82.4,84.9,78.4,79.1,106.2,81.2,70.1,89.7,80.9,81.9,84,53.8,95.4,82.5,83
2008 MAY,97,82.2,75.9,86.5,89.3,93.8,88.4,71.1,81.3,84.2,84.7,110.9,105.7,61,86.3,1025,82.5,86,78.6,79.6,106.1,82.6,70.4,89.8,82.3,82.2,84.6,53.8,95.4,82.4,84.4
2008 JUN,96.6,82.7,76.3,85.8,89.9,92.3,93.2,71.3,81.3,84.5,84.8,110.3,104,61,86,965,82.7,88,78.7,79.6,104.6,84.6,70.4,90,84,82.4,85.2,53.8,95.7,83,85.8
2008 JUL,96.4,83.4,75.8,85.5,89,91.3,86.9,71.7,81.3,85.4,85,109.5,100.3,61,85.2,995,83.3,85.2,79.1,80.3,101.3,85.3,70.1,90.3,84.7,82.7,85.1,53.8,95.1,82.3,87.4
2008 AUG,95.9,84.4,76.2,86.2,90.3,92.2,87.4,75.8,81.3,86,85.1,110.3,101.8,61,85.8,1009,83.4,85.9,80.7,80.8,102.7,86.5,70.3,90.4,85.8,82.8,85.7,53.8,95.4,82.5,87.3
2008 SEP,95.3,84.9,76.5,87.2,90.5,92.9,89.9,85.2,81.3,86.9,85.1,110.5,104.3,61.1,85.5,1018,83.4,87.3,84.3,79.4,104.9,86.3,70.2,90.6,85.5,83.2,86.1,55,96,82.3,85.2
2008 OCT,94.7,84.7,76.8,86.7,90.1,91.8,88.3,85.1,81.3,87.2,85.9,110.3,103.6,61.1,85,1050,83.5,86.4,84.6,79.9,104.3,86.7,70.1,90.8,85.9,83.4,85.9,58.4,95.6,82.3,83.3
2008 NOV,94.2,84,76.8,87.6,90,93.2,89.5,84.8,81.3,87.8,85.9,110,103.7,61.1,83.5,990,84,87,84.6,80.2,104.3,88.1,69.5,91.2,87.1,83.4,85.8,58.4,95.7,82.9,81.2
2008 DEC,92.3,84.7,75.1,84,88.6,91.6,91.9,84.4,81.3,86.9,85.9,104.6,99.5,61.2,82.9,965,83.2,87.3,84.3,79.9,100,88.8,69.4,90.8,87.7,83.2,85.5,58.4,94.9,81.2,81.6
2009 JAN,91.8,84.6,76.6,84.2,88.9,88.5,86.2,84.3,81.3,87.3,85.8,101.2,94.5,61.6,85.8,1007,83.6,84.9,84.3,80.1,95.2,88.3,70.8,91.1,87.3,83.2,84.9,58.4,94.6,82.1,79.8
2009 FEB,92.1,86.7,77,86.8,92.1,92,87.9,84.1,81.3,87.9,85.8,103.6,95,62.1,87.7,1169,83.8,87,84.3,82.1,96,89.6,71.8,91.5,88.7,83.5,85.6,58.4,95.7,81.9,80.6
2009 MAR,93,87,77.5,86.5,94.1,93.6,91.1,81.7,81.3,88,85.7,104.6,96,62.5,87.7,1096,84,88.8,83.4,83.2,97,89,72,91.8,88.3,83.7,85.8,58.4,95.8,81.7,81
2009 APR,94.8,86.7,77.8,86.9,93.9,92.9,89.1,79.7,85.1,88.5,86.2,105,96.2,62.5,87.7,1177,84.6,87.9,83.3,82.5,97.2,88.6,72.1,91.8,87.9,83.9,86,58.4,95.9,83.5,82.3
2009 MAY,96.1,86.8,78,88.3,93.3,94.4,90.8,78.9,85.1,88.8,86,105.7,96.5,63.3,89.3,1175,84.6,88.8,82.9,82.6,97.6,89.6,73.2,91.9,88.7,84.2,86.4,58.4,96.2,83.5,83.5
2009 JUN,96.9,87.7,78.1,89,94.2,93.4,92.4,79.2,85.1,89.1,86,105.4,94.8,63.4,87.9,1128,84.8,89.7,83.1,83.3,96.1,89.3,72.7,91.8,88.5,84.3,86.7,58.4,96.8,83.5,84.7
2009 JUL,98.3,87.3,77.8,86.9,93.2,91.7,87.9,78.6,85.1,89.4,86.7,104,91.4,63.4,88.5,1143,85.4,87.3,83.2,83.8,93.1,88.8,72.9,92.2,88.2,84.4,86.7,58.4,97,83.5,86.1
2009 AUG,99.5,88,77.7,87.9,95.7,93.3,89.4,79,85.1,89.6,86.7,105.5,92.6,63.4,89.2,1140,85.8,88.5,83.3,84,94.2,88.1,73.2,92.3,87.6,84.5,87,58.4,97.2,83.5,87.5
2009 SEP,100.5,87.6,77.6,89.7,96.9,93.6,92.1,78.9,85.1,89.7,86.6,108.1,96.1,63.4,89.2,1145,86,89.9,83.3,83.3,97.6,87.3,73.2,92.4,86.8,84.5,87.1,59.5,97.4,83.2,86.2
2009 OCT,101.1,87.9,77.8,90.1,97.6,91.6,90.5,79,85.1,90,86.8,108.7,95.5,63.4,88.9,1153,86.4,89.2,83.5,84.2,97.2,88.2,73.1,92,87.7,84.7,87.2,61.5,97.5,84.5,86.3
2009 NOV,101.3,86.3,78.8,90.6,97.2,95,92,79.1,85.1,90.3,86.8,108,96.3,63.4,87.7,1152,86.2,90,83.5,82.5,97.8,89,72.6,92.2,88.2,84.8,87.5,61.5,97.7,84.2,86.8
2009 DEC,100.6,86.8,79.2,91.5,98.3,95.4,95.8,79.2,85.1,90.9,86.7,106.5,95,64,86.4,1145,85.8,92,83.6,84.1,96.5,89.8,72.5,92.5,89.1,84.7,88,61.5,97.7,84.3,88.7
2010 JAN,101.5,87.3,79.3,89.8,97.7,91.5,89.9,79.9,85.1,91.7,86.7,101.9,89.3,66.2,89.9,1171,86.7,89.2,84,84.5,91,89.5,75.2,92.9,88.9,85,87.8,61.5,98,85.4,88.5
2010 FEB,101.8,87,79.6,90.5,98.2,94,91.4,78.3,85.1,91.6,86.8,103.2,91.3,66.4,88.8,1274,86.6,90.1,83.4,86,92.8,90.4,74.9,93,89.9,85.5,88.2,61.5,98,85.6,89.1
2010 MAR,101.6,88.8,79.4,91.9,98.7,93.6,94,78.5,85.1,91.8,86.8,104.6,93,66.5,90.2,1268,86.7,91.6,83.5,86.8,94.5,90.6,75.5,93.1,90.1,85.8,88.7,61.5,98.2,85.7,90.1
2010 APR,101.9,86.6,80,91,98.2,93.6,91.3,77.4,85,92.7,87.4,105.8,95.3,68.2,91.7,1304,86.8,90.1,83.4,86.9,96.6,90.9,77.1,93.9,90.4,86.3,89.2,61.5,98.3,88.2,91.3
2010 MAY,102.4,88.1,79.8,91.7,97.6,95.1,93.1,77.3,85,93.1,87.5,106.4,95.5,68.3,91.3,1311,86.8,91.2,83.5,87.8,96.9,90.6,77,94,90.3,86.6,89.4,61.5,98.1,87.9,91.9
2010 JUN,102.6,88.9,79.6,91.9,97.9,93.2,95,77.2,85,93.6,87.6,105.5,93.3,68,90.9,1372,87,91.8,83.5,86,94.8,90.8,76.7,94.6,90.2,86.8,89.5,61.5,98.6,88.9,92.2
2010 JUL,102,90,79.7,90.9,97.8,91.1,91,77.1,85,94,87.6,101.9,88.4,68,91,1469,87.7,90.1,83.6,88.7,90.1,91.5,76.7,94.1,91.1,86.9,89.3,61.5,98.3,88.9,92.9
2010 AUG,101,90.5,80.8,90.6,98.4,92.4,92.3,77.1,85,94.1,87.7,103.9,91,67.9,90.8,1460,88.1,91,83.6,88.9,92.6,91.6,76.6,94.5,91.2,87,89.8,61.5,98.5,88.2,94.1
2010 SEP,100.6,90.9,80.6,91.8,98.8,95.4,94.9,77.1,85,94.5,87.9,106.6,97.4,67.9,92,1442,88.3,92.6,83.7,89.2,98.5,91.6,77,94.8,91.3,87.2,89.8,63.3,98.4,86.9,90.9
2010 OCT,100.5,91.7,80.3,93.1,97.9,94.3,92.7,77.2,85,94.8,88,105.7,96.8,68.3,93,1529,88.9,91.7,83.9,89.9,97.9,91.9,77.7,94.8,91.7,87.4,90,64.7,99,87.8,91.3
2010 NOV,100.6,91,82.5,92.9,99.2,97.2,94.8,77.3,85,96.1,88.1,106.9,98.8,68.9,91.3,1564,88.7,93.2,84.1,90.9,99.8,93.4,77.4,94.8,93.1,87.5,90.3,64.7,98.7,87.5,91.2
2010 DEC,100,90.6,83.6,95,100.9,97.2,96.5,80.5,85,95.8,88.1,105,97,69.4,88.7,1583,88.6,94.3,85.3,91.8,97.9,94.9,76.7,95.2,94.6,87.7,91.2,64.7,99.2,87.2,94.5
2011 JAN,102,92.5,83.5,94.6,99.6,94.3,92.5,81.1,85,97.5,88.3,99.1,91.2,71.4,94.6,1578,89.2,92.6,85.8,93.9,92.2,94.6,80.2,94.9,94.5,88.9,91.3,64.7,99,88.4,95.4
2011 FEB,102.7,92.6,83.3,96.6,99.4,96.5,94.7,81.6,85,97.9,88.4,101,94.7,71.4,92.4,1566,89,93.8,86,94.9,95.5,95.6,79.4,95.5,95.5,89.3,92,64.7,99.3,89.5,96.2
2011 MAR,103.4,93.1,86.3,97.6,99.5,97.2,97.5,82.3,85,98.2,88.5,101.4,95.9,71.4,93.4,1564,89.6,95.4,86.4,94.4,96.5,94.2,79.8,95.7,94.2,89.5,92.2,64.7,98.9,89.4,97.3
2011 APR,103.9,92.2,88.1,96.7,100.3,97.9,95.1,82.5,88.9,97.9,89.4,102.2,97.2,75.8,97.3,1447,90.3,94.7,87.1,95,97.8,94.2,84,95.8,94.3,90,93.2,64.7,99.1,90.4,100
2011 MAY,103.9,90.3,88.5,97.3,100.5,100.1,95.8,82.2,88.9,98.2,89.5,103.4,97.4,75.9,98.6,1567,90.2,95.1,87.1,96,98.1,95.5,84.5,96.4,95.5,90.5,93.4,64.7,99,91.2,99.3
2011 JUN,102.8,91.4,90.5,95.7,99.9,98.7,96.9,82.2,88.9,97.9,89.5,100.5,95.7,76,97.2,1555,90.2,95.5,87.1,94.9,96.3,96.7,84,96.4,96.5,90.6,93.3,64.7,98.1,90.4,99.6
2011 JUL,101.7,91.9,91.3,94.3,100.9,99,93.5,82.1,88.9,98.7,90.2,98.6,92.1,76.2,98.2,1530,90.7,94.4,87.4,96.1,92.9,96.8,84.6,96.7,96.7,90.8,93.3,64.7,98.1,91.1,100.1
2011 AUG,100.9,94.7,92.7,94.3,101.4,100.8,96.1,83.1,88.9,99.2,90.3,101.2,95.7,76.3,96.8,1490,91.1,96.3,87.9,97.7,96.3,96.7,84.1,97.1,96.9,91,93.8,64.7,97.7,91.2,101.1
2011 SEP,101.4,95.4,94.8,95.5,101.2,102.3,97.4,91.3,88.9,99.6,90.5,102.9,100.3,76.8,97.6,1514,91.4,97.5,90.9,97.2,100.6,97,84.7,97.1,97.1,91.3,94.4,66.2,97.8,92.1,99
2011 OCT,101.2,94.3,92.6,95.7,101.9,101.5,96.9,92.6,88.9,99.8,90.6,102.1,101.3,77.5,96.5,1575,91.5,96.9,91.5,96.3,101.4,96.2,84.7,97.5,96.2,91.3,94.5,68,98.5,91.9,98.3
2011 NOV,101.1,94.9,94.1,98.4,101.9,102.7,97.9,93.5,88.9,99.8,90.6,103.4,102.5,77.8,96.7,1536,91.6,97.9,91.8,96.4,102.6,96.9,84.9,97.5,96.8,91.5,94.6,68,98.2,91.8,97.7
2011 DEC,100.8,95.3,96.1,98.3,101.8,101.1,100.3,93.5,88.9,100.6,90.7,102.6,99.3,77.6,93.6,1450,91.4,98.8,92,97.2,99.7,98.3,83.7,97.7,98.1,91.6,95.1,68,98.5,93,99.9
2012 JAN,101.6,95.1,97.5,97.9,100.7,98.4,94.8,93.6,88.9,100.9,91,99,94.2,77.7,97.6,1496,92.1,96.6,92.2,98,94.8,97.8,85.2,97.7,97.8,91.6,94.6,68,98.5,92.7,99.2
2012 FEB,102,95.7,98.3,99.1,101.3,100.7,97.2,92.7,88.9,101.2,91,99.8,97.2,77.7,99.4,1639,92.2,98.1,91.9,100.7,97.5,98.7,85.9,98.3,99,91.9,95.1,68,98.3,93.2,99.7
2012 MAR,101.9,95.7,97.2,100.2,102.3,102.3,100.1,92.2,88.9,101.4,91.1,101.1,99.5,77.7,99.8,1605,92.2,99.4,91.7,98.6,99.6,98.5,86.1,98.3,98.5,92.1,95.4,68,98.3,93.7,100.5
2012 APR,101.7,95.6,97.8,97.6,102.3,100.8,97.7,91.8,94.1,101.4,92.4,102.2,99.5,81.7,99.9,1587,93.1,98.2,92.6,99.7,99.8,98.2,88.6,98.4,98.4,93,96,68,98.7,94.1,101.7
2012 MAY,101.9,95.4,97.2,97.2,101.7,103.3,99.2,91.5,94.1,101.4,92.5,102.6,99.3,81.7,99.7,1622,93.1,98.8,92.5,98.9,99.7,98.7,88.6,98.5,98.7,93.4,95.9,68,98.3,94.9,100.9
2012 JUN,101.6,95.9,97.6,97.4,99.2,99.7,101.2,91.1,94.1,101.7,92.5,100.8,94.7,81.9,98.2,1569,93.5,98.8,92.3,98.8,95.5,98.6,88.1,98.2,98.6,93.5,95.5,68,98.4,94.8,100.4
2012 JUL,101.2,95.2,97.6,95.3,101.7,100,97.9,91.2,94.1,101.4,93.3,100.4,91.9,82.5,98.9,1570,93.5,97.8,92.7,100.9,93,98.5,88.7,98.3,98.8,93.7,95.6,68,98.5,95.1,101.5
2012 AUG,100.4,95.4,97,98.1,101.8,101.8,98.8,91.5,94.1,101,93.4,100.4,95,82.6,99.2,1613,93.5,98.5,92.8,100.8,95.7,98.7,88.9,98.6,99,93.8,96.1,68,98.3,95.2,102.8
2012 SEP,100.6,96,96.1,96.7,101.5,102,100.5,91.7,94.1,101.5,93.4,102.4,99.8,83.6,100,1566,93.6,99.1,92.9,99.9,100.1,98.9,89.9,99.3,99,94,96.5,68.3,98.9,95.2,101.5
2012 OCT,101.7,95.5,94.6,98.2,99.6,101.5,100.2,91.6,94.1,101.3,93.8,103.2,101.1,84.4,99.7,1596,93.8,98.5,93.1,100,101.3,99.4,90.2,99.3,99.5,94,97,81.4,99.3,95.4,101.3
2012 NOV,101.6,95.7,95.3,98.2,100.5,100.9,99.5,93.1,94.1,101.3,93.9,102.8,101.8,84.6,98.1,1523,93.8,98.4,93.7,100.2,101.9,100.6,89.7,99.7,100.6,94.5,97.2,81.4,99.2,95.2,100.3
2012 DEC,101.4,96.3,95.2,97.9,101.5,101.9,102.1,97.8,94.1,101,94,101.7,100.3,84.8,94.9,1619,93.9,99.6,95.5,99.2,100.4,102.2,88.7,99.7,101.8,94.5,97.6,81.4,99.2,95,101
2013 JAN,101.4,96.2,95.6,98.3,100.2,98.2,97.1,97.7,94.1,100.7,93.9,98.5,94.5,84.9,103.8,1615,94.1,97.4,95.4,100.3,95,102.1,92.5,99.1,101.9,94.5,97.1,81.4,99,96,100.4
2013 FEB,101.3,97.1,94.9,99.5,100.2,99.8,99.9,99,94.1,100.8,94,99.3,96.6,85.1,102.3,1452,94.1,98.8,95.9,101.4,96.9,102.8,92,99.2,102.6,94.8,97.8,81.4,99.5,96.9,101.6
2013 MAR,100.9,96.3,95.4,99.8,101.8,103.1,100.6,98.9,94.1,100.7,94,100.5,99.1,85.1,101.1,1495,94.3,99.6,95.9,101.6,99.2,102.2,91.6,99.4,102.2,95,98.1,81.4,100.1,96.9,102.2
2013 APR,100.7,96.1,94.8,99.5,100.6,100.8,98.6,98.7,98.2,100.6,94.8,99.9,99.1,87.8,102.3,1453,95.4,98.3,96.5,100.9,99.2,103.1,93.7,99.5,102.9,95.4,98.3,81.4,100.1,97.1,101.6
2013 MAY,101,96.8,95.4,98.9,100.7,103,100.3,98.4,98.2,100,94.8,101,100.3,88,103.1,1536,95.4,99.4,96.3,102.5,100.4,103,94.1,99.5,102.9,95.7,98.5,81.4,99.8,97.5,102
2013 JUN,100.8,96.6,96.5,99,98.5,102.5,99.9,98.4,98.2,100.6,94.8,100.6,98.2,88,102.3,1570,95.4,98.9,96.4,101.8,98.5,102.4,93.8,99.7,102.4,95.8,98.3,81.4,99.6,97.5,102.1
2013 JUL,100.3,97.3,95.3,95.4,99.7,99.9,98.3,98.7,98.2,100.3,95.5,98.8,94.8,88,103.8,1546,96,97.9,96.7,101,95.3,102.8,94.4,99.8,102.6,96,98.3,81.4,99.2,97.7,103
2013 AUG,100,96.7,95.6,99.4,102.9,102,100.5,98.7,98.2,100.4,95.5,99.4,96.9,88.3,103.2,1549,96.2,99.6,96.8,101.1,97.2,103.4,94.3,99.8,103.1,96,98.7,81.4,99.2,97.6,104
2013 SEP,100,97.6,95.5,97.4,102.4,102.4,100.9,98.8,98.2,100.9,95.6,101.5,101.2,89.2,103,1539,96.4,99.8,96.9,100.8,101.2,103.6,94.7,100.2,103.2,96.4,99.1,83,99.8,97.7,102.6
2013 OCT,100.1,98.3,96,98.6,103.9,101.2,98.9,98.7,98.2,100.7,95.6,101.5,102.4,89.8,102.8,1644,96.2,99.4,96.8,101.4,102.3,103.7,95,100,103.4,96.6,99.1,89.8,99.9,98,101.1
2013 NOV,100.4,98.2,96.8,98.5,101.7,102.3,99,98.6,98.2,100.4,95.7,102.5,103.1,90.9,101.1,1639,96.2,99.4,96.8,101.6,103,103.6,95,100.2,103.4,96.7,99.2,89.8,100.4,97.8,100.5
2013 DEC,100.4,99.3,96.6,98.8,103.3,103,102.4,104.9,98.2,100.6,95.8,100.9,102.3,91,98.1,1634,96.3,101.1,99,99.5,102.1,104.3,93.8,100,103.8,96.7,99.6,89.8,99.9,98.2,101.5
2014 JAN,100.6,98.1,96.4,97.8,100.8,98.3,97.2,104.2,98.2,100.8,95.8,98,96.4,91.2,104.6,1616,96.9,98,98.9,101.3,96.6,104.3,96.7,99.7,103.9,96.6,99,89.8,99.4,98.7,100.9
2014 FEB,100.9,98.5,96.5,101.1,100.6,101.5,101.8,104.4,98.2,100.4,95.9,97.9,97.6,91.3,102.3,1709,97.3,100.4,98.9,103.1,97.7,104.7,95.8,100,104.5,97,99.5,89.8,100.3,98.9,101.2
2014 MAR,101,98.6,97.3,100.6,101.1,102.3,102,104,98.2,100.4,95.9,99.3,99.4,91.3,102.9,1727,97.5,100.7,98.8,102.1,99.4,104.2,96.1,100.3,103.9,97.4,99.7,89.8,100.7,99.1,101.2
2014 APR,101.6,99.1,98.2,101.2,100.1,100.3,100,103.4,100.5,99.7,96.9,101.6,100.2,93.7,101.5,1641,98.2,99.8,99.4,102.2,100.4,103.6,96.9,99.9,103.4,97.6,100.1,89.8,100.6,99,103.2
2014 MAY,101.4,99.5,98.6,100.8,100.3,100.9,100.9,103.4,100.5,100.3,97,101.8,100.1,94.3,104.2,1744,98.3,100.3,99.4,101.5,100.3,102.4,98.4,99.8,102.3,97.9,100,89.8,101,98.5,102.5
2014 JUN,101.1,99.4,99,101.7,98.7,101,101.9,103.3,100.5,100.6,97.1,102.3,100.7,94.6,103.8,1714,98.3,100.5,99.5,102.2,100.9,102.4,98.4,99.7,102.4,98.3,100.2,89.8,100.9,98.4,103
2014 JUL,101.4,99.7,98.7,100.8,98.9,97.5,98.8,103.3,100.5,100.6,97.7,100.2,94.3,95.2,101.4,1789,98.5,99,99.8,102.1,95.1,102.2,97.7,99.2,102.2,98.7,99.9,89.8,100.7,98.5,104.4
2014 AUG,101.6,98.9,99.5,101.5,101,99.3,100.3,103.3,100.5,100.6,97.8,99.7,97.3,95.4,103.4,1729,99,100,99.8,100.9,97.6,102.1,98.7,99.4,102,98.5,100.2,89.8,100.6,98.4,105.2
2014 SEP,101.1,99.4,99.8,100.3,101.2,100.7,101.4,103.2,100.5,100.6,97.9,101.7,101.5,96.4,103.6,1679,98.7,100.6,99.9,100.7,101.5,102,99.3,99.7,101.8,98.7,100.3,91.5,100.5,98.5,102.7
2014 OCT,100.4,99.3,100.3,100.1,101.4,99.3,98.7,103.1,100.5,100.2,98.1,101.7,102.1,97.4,103.6,1711,98.4,99.5,100,100.9,102.1,102,100,99.6,101.9,99,100.4,98.7,101,98.6,101.5
2014 NOV,100.1,99.4,100.5,99.5,100.7,100.4,99.1,103,100.5,100.4,98.2,101.8,103,97.8,100.1,1716,98.1,99.6,100,100.2,102.8,101.9,98.8,99.5,101.7,99,100.1,98.7,100.7,98.3,100.3
2014 DEC,100,99.3,100.1,100.8,101.2,100.5,103.1,102.7,100.5,100.8,98.3,100.9,101.9,98,99.4,1675,98.3,101.2,100,98.9,101.7,102.4,98.5,99.4,102,99,100.1,98.7,100.5,98.9,100.1
2015 JAN,100.4,100,99.4,99.1,99.8,97.1,97.8,102.1,100.5,99.9,98.5,98.3,97.9,97.9,102.6,1673,99,98.7,99.9,100.4,98,101.4,99.9,99.3,101.3,98.9,99.3,98.7,99.6,98.9,98.1
2015 FEB,100.6,100.3,100.1,100.1,99.4,99.8,100.3,101.9,100.5,100.1,98.6,99.3,99.3,98.2,101.1,1601,99.1,100.1,99.8,100.8,99.3,101.1,99.5,99.6,101,99.1,99.5,98.7,99.5,99.7,98.5
2015 MAR,100.4,100.1,100.2,100.9,99.6,100,101.1,100.6,100.5,100.1,98.7,100.9,99,98.2,100.9,1607,99.5,100.5,99.5,100.5,99.2,100.9,99.3,99.8,100.9,99.3,99.7,98.7,100,99.9,99.2
2015 APR,101,99.1,100.4,100.2,99.8,99,98.7,100.5,99.8,100,99.5,100.6,99.8,99.7,99.9,1462,100.2,99.3,99.9,100.3,99.9,100.5,99.8,99.8,100.5,99.6,99.9,98.7,100.1,99.9,100.3
2015 MAY,100.8,99.7,100.5,101.4,99.4,100.8,99.2,100.2,99.8,100.2,99.7,101.3,100.4,99.9,101.4,1452,100.5,99.8,99.9,99.2,100.5,100.6,100.5,99.6,100.4,99.8,100.1,98.7,100,99.7,100.9
2015 JUN,100.5,100,100.3,100.7,98.5,100.1,100.7,100.1,99.8,100.3,99.8,101.3,99.9,100,101.6,1467,99.9,100.2,99.9,100.1,100.1,100.2,100.7,99.8,100.2,100.2,100.2,98.7,99.9,99.5,101.1
2015 JUL,99.9,100,99.3,97.8,99.3,98.8,97.9,100,99.8,99.6,100.4,98.2,96.5,100.1,99,1508,100.8,98.7,100.2,99.5,96.7,99.5,99.6,99.9,99.5,100.3,100,98.7,100.1,99.7,102.3
2015 AUG,99.4,100.5,99.5,99.2,99.3,100.6,101.2,99.7,99.8,100,100.6,99.3,98,100.2,101.4,1437,100.7,100.4,100.2,101.1,98.2,99.3,100.7,100.3,99.5,100.3,100.3,98.7,99.7,99.5,102.4
2015 SEP,99,100.8,99.9,99.7,100.2,101.2,102.4,98.8,99.8,99.5,100.8,100.3,101,100.4,101.2,1432,100.7,101.1,100,100.2,100.9,99.4,100.7,100.3,99.5,100.5,100.2,99.9,99.7,99.9,99.9
2015 OCT,98.9,100.4,100.1,100.6,101.5,100,99.4,98.8,99.8,99.3,101.1,100.6,103.3,101.3,98.9,1422,100,100.2,100.2,100.2,102.9,99,100.3,100.4,99.1,100.6,100.3,103.4,100.6,100.5,98.9
2015 NOV,99.5,98.8,100.1,99.8,101.4,101.8,99.7,98.7,99.8,100.3,101.2,100.6,103.2,102.1,97.5,1386,99.8,100,100.3,99.7,102.8,99.1,100.1,100.7,99.2,100.8,100.3,103.4,100.6,101.1,98.2
2015 DEC,99.5,100.4,100.1,100.5,101.7,100.7,101.6,98.6,99.8,100.7,101.3,99.5,101.8,102.1,94.6,1444,99.8,101,100.3,97.9,101.5,99.1,98.8,100.5,99,100.7,100.3,103.4,100.3,101.5,100
2016 JAN,99.8,99.2,101,98.1,100.9,96.2,97.8,98.3,99.8,100.4,101.4,98.2,98.3,102.1,99.5,1419,101.1,98.7,100.2,99.3,98.3,98.5,101.2,100.7,98.6,100.4,99.5,103.4,99.5,101,97.5
2016 FEB,99.2,100.2,101.2,99.7,101.4,98.3,100.6,97.9,99.8,100.1,101.4,99.1,99.7,102.4,97.9,1537,101.1,100.3,100.1,99.7,99.6,98.6,100.6,100.8,98.8,100.9,99.8,103.4,99.4,101.8,97.5
2016 MAR,99.1,100.3,100.3,99.6,102,99.3,102.3,96.9,99.8,100.5,101.5,100.3,100.7,102.6,97,1431,101.3,101.1,99.9,99.7,100.6,97.9,100.3,100.8,98.1,101.4,100.2,103.4,99.7,101.4,99.1
2016 APR,98.6,99.7,98.5,98.8,99.9,98.4,100,96.3,101.2,100.3,101.4,100.4,100.3,104.4,96.6,1413,102.2,99.5,99.8,98.7,100.3,97.9,101.1,100.8,98,101.9,100.2,103.4,100.5,101.6,99
2016 MAY,98.6,100.4,99.1,99.5,100.6,98.6,100.2,96.4,101.2,99.8,101.5,100.7,100,104.7,97.1,1510,102.4,100,99.9,99.4,100.1,97.4,101.5,100.9,97.6,102.4,100.4,103.4,100.1,102.5,99.9
2016 JUN,98.3,100.9,98.4,98.5,100,97,100.1,96.7,101.2,100.3,101.6,99.2,99.4,104.8,96.2,1507,102.6,99.6,100,99.3,99.4,96.9,101.1,100.9,97.2,102.6,100.6,103.4,100.8,103.1,100.9
2016 JUL,98.3,99.4,98.9,95.8,99.8,95.9,97.4,96.7,101.2,100.6,101.7,97.1,95.9,105,96.7,1574,102.6,98,100.1,97.9,96,96.8,101.4,100.8,96.9,103,100.6,103.4,100.7,103.4,102.6
2016 AUG,97.7,99.6,98.8,98.7,99.5,97.8,99.9,96.6,101.2,100.9,101.9,97.7,96.8,106,96.9,1519,102.7,99.3,100.2,97,97,97.4,102.1,101.1,97.3,102.6,100.9,103.4,100.4,103.6,103.5
2016 SEP,97.8,100.1,98.7,97.3,101,97.3,100.8,96.8,101.2,100.5,102,100.7,102.2,106.3,97.3,1574,103,99.7,100.3,98.8,102,97.1,102.5,101.6,97.3,103.4,101.1,105.7,100.5,103.5,101.1
2016 OCT,97.9,101.5,97.7,97.5,103.7,98.7,100,97.3,101.2,99.9,102.1,101.2,102.4,106.5,96.9,1598,102,100.2,100.5,95.6,102.3,96.9,102.4,101.6,96.8,103.3,101.2,107.9,100.8,103.7,101.1
2016 NOV,98.3,101.5,97.9,98.1,102,99.9,101.5,97.2,101.2,98.5,102.2,101.6,104.1,106.7,95.5,1559,102.1,100.8,100.5,95.7,103.7,97.4,101.8,101.8,97.2,103.5,101.4,107.9,101.2,103.8,100.7
2016 DEC,98.3,100.8,98.7,97.1,103.7,99.9,104,97.5,101.2,99.5,102.3,100.1,103.1,106.8,94,1572,102.2,101.7,100.7,96.3,102.7,98.1,101.3,101.5,97.9,103.5,101.9,107.9,101.2,103.2,103.7
2017 JAN,99.4,101.6,99.3,96,102.2,95.4,98.8,97.5,101.2,99.7,102.6,96.2,98.7,106.9,98.8,1619,103.1,99.1,100.8,98,98.3,98.2,103.6,101.6,98.1,103.4,101.4,107.9,100.4,103.1,103
2017 FEB,100.1,102.5,101.2,99.2,103.5,98.2,102,97.5,101.2,99.1,102.7,96.8,100,107.6,97.7,1510,103.5,101.5,100.9,98.7,99.5,98.9,103.5,101.9,98.9,104.2,102.1,107.9,100.9,104.1,104.2
2017 MAR,100.2,101.8,100.1,100.2,103,99.8,104,97.8,101.2,99.8,102.7,99.5,101.9,109.8,99,1570,103.5,102.2,101,97.4,101.6,99.5,105.2,102.6,99.3,104.4,102.5,107.9,101.3,104.2,103.7
2017 APR,99.8,101.6,100.6,98.8,103.4,98.4,102,98.8,102.9,99.7,102.6,100.6,103,110.9,98.5,1580,104.6,101.2,101.4,98,102.7,99.7,105.6,102.5,99.5,105,102.9,107.9,101.5,103.3,105.3
2017 MAY,99.7,102,101.1,100.7,102.5,100.9,103.9,100.8,102.9,99.8,102.6,100.6,103.6,111.1,100,1589,104.9,102.4,102,98.4,103.2,99.8,106.5,102.6,99.6,105.6,103.3,107.9,102.5,103.9,104.6
2017 JUN,99.1,101.6,100.8,100.3,103.4,100.1,105.5,100.8,102.9,99.6,102.6,100.1,102.4,111.2,99.6,1653,105,102.8,102,99,102.1,99.5,106.3,102.7,99.4,105.9,103.3,107.9,102.3,104.6,104.6
2017 JUL,99.3,102.6,101.5,98.3,104.3,97.2,102.7,101.6,102.9,99.5,102.7,97.5,99.3,111.3,100.2,1626,105.4,101.7,102.3,98.2,99.1,99.5,106.6,102.7,99.4,106.2,103.2,107.9,102.1,104.2,105.7
2017 AUG,99.1,102.3,102,100.1,105.5,99.7,106,101.7,102.9,99.2,102.8,99.5,101.8,111.2,100.5,1629,105.4,103.5,102.4,97.9,101.5,99.6,106.7,103,99.4,106.3,103.8,107.9,102.3,105.9,106.8
2017 SEP,99.4,102,102.7,99.6,105.1,101.3,106.4,101.8,102.9,99.7,102.9,101.4,106.1,112.1,99.9,1691,105.4,103.7,102.4,98.6,105.4,100.4,106.9,103,100.2,106.6,104.1,108.8,103,105.6,105.3
2017 OCT,100.2,103.9,102.8,99.1,107.1,100,104.1,103.1,102.9,99.9,102.8,101.5,106.2,112.2,99.7,1591,105.4,103.3,102.8,97.7,105.5,101,106.8,102.5,100.6,106.5,104.2,110.9,103.6,105.4,105.2
2017 NOV,100.9,103.4,103.2,100.4,106.9,101.1,104.4,103.4,102.9,99.2,102.8,102,107.6,112.4,98.7,1642,105.5,103.6,102.9,97.4,106.8,101.6,106.4,102.4,101.1,106.8,104.6,110.9,104.3,105.7,105.3
2017 DEC,101,103.5,103.8,99.8,109.4,100.7,107.4,103.6,102.9,99,102.9,101.3,106.6,115.4,96.6,1597,105.6,105,103,99.2,105.8,102.1,107,102.3,101.8,106.7,104.9,110.9,103.9,104.3,107.6
2018 JAN,101.5,103.2,104.2,98.5,108.3,96.7,102.2,103.7,102.9,99.3,102.9,96.3,102.7,115.8,100.9,1627,106.2,102.2,103.1,99.3,101.7,102,109.4,102.4,101.7,106.6,104.4,110.9,103.7,104.4,106.5
2018 FEB,101.8,103.6,106.4,99.3,111,100.9,106.1,103.7,102.9,99.3,103,99.5,104,116,100.8,1729,106.3,104.9,103.1,99.3,103.4,102.2,109.4,102.7,101.9,106.7,104.9,110.9,104,103.8,107.1
2018 MAR,102.5,103.6,106.5,100,110.7,100.8,105.7,103.8,102.9,99.9,103,101.2,104.5,116.1,99.7,1741,106.4,104.8,103.2,101.1,104.1,102.4,108.9,102.5,102.3,107.1,105,110.9,104.6,103.9,106.8
2018 APR,102.7,102.7,108.1,100.8,107.8,100.4,104.5,104.5,105.7,100.4,102.9,102.4,104.7,117.7,100,1734,107.5,103.9,103.5,103.3,104.5,102,109.8,102.5,102.1,107.9,105.4,110.9,105,104.3,107.9
2018 MAY,103.3,104.3,107.9,100.8,111.5,100.5,104.1,104.6,105.7,100.4,103,102.7,104.9,119.1,100.4,1787,107.4,104.6,103.5,102.7,104.7,101.8,110.8,102.6,101.9,108.3,105.8,110.9,105.2,104.6,109.5
2018 JUN,103.5,103.3,108.6,99.9,110.9,100.7,105.8,106.9,105.7,100.8,103,101.2,102.5,119.3,99.9,1789,107.6,104.9,104.2,103.1,102.5,101.2,110.6,102.5,101.4,108.6,105.8,110.9,104.7,105.3,110.4
2018 JUL,103.1,103.3,107.3,99.2,110.4,98.7,101.7,108.3,105.7,100.2,103.2,97,98.9,119.5,99.2,1687,107.7,103,104.6,103.5,98.7,101.4,110.3,101.7,101.7,108.8,105.8,110.9,105.3,105.9,111.8
2018 AUG,103.1,102.2,106.8,99.7,110.7,99.4,105.5,108.3,105.7,100.4,103.3,99.3,102.1,119.2,100.9,1662,108,104.2,104.7,103.1,101.8,101.7,111.1,102.3,101.9,108.9,106.5,110.9,105.9,106.3,113.3
2018 SEP,103.7,102.6,106.4,101.2,109,100.4,105.3,110,105.7,100.6,103.4,100.8,105.6,119.3,101.1,1762,108.2,104.2,105.2,103.3,104.9,101.5,111.2,102.6,101.7,109.3,106.6,112,106.2,106.6,111.2
2018 OCT,103.7,102.6,108,101.3,110.4,100.8,103.9,112.4,105.7,100.4,103.4,99.5,105.3,119.7,100.4,1764,107.9,104.1,105.8,101.8,104.4,101.4,111.1,102.5,101.5,109.1,106.7,114.4,106.9,107.4,110.8
2018 NOV,104.1,102.6,108,100.5,108.5,102.6,104.8,112.2,105.7,100.6,103.5,100.2,107.1,123.8,99.3,1746,107.8,104.3,105.8,101.1,106,101.7,112.5,102.7,101.6,109.7,107,114.4,107,107.4,110.4
2018 DEC,104.8,103.1,108,101.2,109.6,103.4,106.7,112,105.7,101,103.6,98.2,106.2,123.7,97.1,1652,108,105.4,105.8,102.6,104.9,102.5,111.3,102.4,102.5,110,107.1,114.4,106.8,107.3,111.3
2019 JAN,105.1,102.7,108.4,98.3,108.5,98.2,103.6,105.2,105.7,100.4,103.6,95.5,101.3,124,101.7,1735,108.6,103.2,104.2,103.6,100.4,102.5,114,102.6,102.6,109.3,106.3,114.4,106.7,107.6,109.9
2019 FEB,105.4,102.8,108.6,99.7,109,101.1,107.4,105.4,105.7,100.3,103.7,96.1,102.3,125.7,102.1,1617,108.8,105.2,104.3,103.8,101.3,102.9,115,102.9,103,109.5,106.8,114.4,107.2,107.5,110.4
2019 MAR,105.3,103.6,108,101.2,109.1,102.5,106.8,105.4,105.7,100.4,103.8,97.1,103.4,126.5,100.6,1565,109.1,105.4,104.4,105.4,102.4,102.8,114.6,103.1,103.1,110,107,114.4,107.4,107.7,110.3
2019 APR,105,103.5,107.7,99.8,107.9,99.5,105.1,115.4,109,100.6,103.7,96.7,103.6,125.9,100.2,1544,110,104.1,107,105.5,102.5,102.5,114.1,103.4,102.8,110.5,107.6,114.4,106.6,109.1,112.9
2019 MAY,104.6,103.1,107.9,100.4,110,101.8,106.6,115.5,109,101.2,103.8,97.1,104.1,125.9,100.8,1612,110.1,105.2,107.1,105.3,103,102.6,114.4,103.7,102.9,111.4,107.9,114.4,107.1,109.8,112.5
2019 JUN,104.2,104,108.7,100.7,108.6,102,108.1,115.4,109,101.2,103.9,96.3,103,125.8,101.4,1605,110.4,105.9,107.1,106,102,102.7,114.7,103.5,103.1,111.3,107.9,114.4,106.7,109.9,113
2019 JUL,104.4,104,108.3,98.5,107.2,99.4,105.3,115.3,109,101.2,103.9,94.9,99.8,125.8,101,1535,110.5,104.1,107.1,105.8,99.1,102.8,114.5,103.4,103.1,112.2,107.9,114.4,107.8,109.9,113.4
2019 AUG,104.1,103.7,108.6,99.9,108,101.1,106.8,115.4,109,101.6,104,95.9,101.8,125.7,101.5,1529,110.6,105,107.2,106,100.9,103.4,114.7,104.1,103.7,112,108.4,114.4,107.1,110.2,114.9
2019 SEP,103.7,104.5,108,99.5,109.2,102.4,108.8,115.4,109,101.9,104.1,97.1,105.2,125.8,101.1,1613,111,106.2,107.2,106.4,103.9,103.1,114.5,104.4,103.5,112.8,108.5,115.6,107.7,110.9,111.9
2019 OCT,103.9,104.5,107.7,99.3,109.6,99.7,106.5,110.3,109,101.8,104.1,98.4,106.1,125.9,101.8,1560,110.6,105,106.1,106.1,104.9,102.4,114.9,104.4,102.8,112.5,108.3,117.5,108.1,111,111.7
2019 NOV,104.6,104.6,108.2,99.8,106.9,102.9,107.7,110.3,109,102.2,104.3,99.4,107.2,126,101.3,1573,111,105.5,106.2,105.7,106,103.5,114.7,104.7,103.7,112.3,108.5,117.5,108.6,111,111.4
2019 DEC,104.6,104.7,107.7,100.6,109,103.6,110.2,110.3,109,102.2,104.4,97.8,105.2,126,98.1,1580,111,106.9,106.2,106.9,104,103.9,113.1,104.7,104.3,111.8,108.5,117.5,108.4,111.9,112.1
2020 JAN,104.6,105.2,107.2,97,106.6,99.1,104.1,110.4,109,102.3,104.4,94.9,101.7,126,102.9,1515,111.7,103.5,106.3,107.3,100.6,103.7,115.7,105,104.1,111.7,108.2,117.5,108.3,112.1,112
2020 FEB,105.7,106,106,99.3,107.4,102.4,107,110,109,102.4,104.5,95.8,102.6,126.2,102.8,1561,112.1,105.3,106.2,107.8,101.5,103.8,115.8,105.4,104.3,112.3,108.6,117.5,108.7,112.4,112.4
2020 MAR,106.4,105.7,106.6,99.4,107.6,101.8,107.2,109.5,109,102.7,104.6,97.2,101.9,128.7,101.6,1571,112.6,105.4,106.2,108.4,101.2,103.9,116.2,105.6,104.5,112.4,108.6,117.5,108.9,113.1,111.8
2020 APR,107.3,105.2,106.3,97,106.9,97.3,105.6,107.5,105.4,102,105.1,95.1,100.4,129.3,102.5,1560,112.4,103.7,105.7,107.1,99.5,103.8,117,104.7,104.2,113.2,108.5,117.5,109.3,113.6,111.8
2020 MAY,107.7,105.6,105.7,98.1,107.5,100,106.1,107.4,105.4,103,105.2,95.5,100.6,129.2,103.2,1526,110.9,104.4,105.8,108.5,99.8,104.3,117.4,104.9,104.8,113.6,108.5,117.5,109.2,114.2,110.6
2020 JUN,107.7,105.8,104.9,99.6,107,99.5,108.7,107.7,105.4,102.5,105.3,94.3,100.7,129.1,102.8,1517,112.7,105.3,105.9,107.9,99.7,103.7,117.1,104.9,104.2,113.3,108.6,117.5,109.5,114.2,111.2
2020 JUL,107.7,105.6,104.3,99.9,107.8,100.3,106.8,107.7,105.4,102.2,105.8,94.7,99.8,129.7,103.1,1528,114,104.9,106.2,107.8,99,103.4,117.5,104.9,103.9,114.2,109.1,117.5,110.6,114.7,112.6
2020 AUG,108.4,105.8,105.5,99.6,108.5,101.9,107.2,107.6,105.4,102.7,105.9,95.7,100.2,130.2,101.6,1587,113.4,105.5,106.3,107.1,99.5,103.7,116.9,105.1,104.1,108.8,108.6,117.5,110.1,114.7,113.8
2020 SEP,109.5,105.6,104.4,96.6,109.8,102.2,108.7,107.6,105.4,102.9,105.9,96.8,103.4,130.6,101.3,1496,113.3,105.6,106.3,107.5,102.4,102.8,117,105.1,103.4,112.1,109.1,117.9,110.3,114.7,113
2020 OCT,110.5,105.9,103.2,97.8,109,101.4,107.7,100.6,105.4,102.6,106.1,97.5,106.3,130.5,101.9,1488,113,105.2,104.7,107.3,104.9,102.9,117.2,105.2,103.4,111.9,109.1,120,110.3,114.7,113.1
2020 NOV,110.2,105.1,102.5,97.5,108.8,102.3,108.3,100.5,105.4,102.8,106.1,96.3,103.2,130.5,101.5,1479,112.9,105.2,104.7,105,102.1,102.9,117,105.1,103.1,112.8,108.9,120,110.7,114.8,112.5
2020 DEC,110.3,104.8,102.6,96.6,109.2,101.2,111.9,100.9,105.4,103.1,106.2,95.9,103.3,133.3,99.3,1394,112.3,106.2,104.9,106.8,102.2,102.3,117.1,105.2,102.8,111.9,109.2,120,111.2,114.8,114.2
2021 JAN,110.6,105.3,102.3,94.3,108.7,99.6,108.7,101.1,105.4,103,106.3,90.3,98.5,133.4,103.1,1468,112.9,104.5,105,107.6,97.2,102.8,119.4,105.3,103.4,112.9,109,120,111.1,114.5,114.3
