Date,Price,Open,High,Low,Change %
2016-01-01,1.3673,1.3624,1.3687,1.3605,0.37%
2016-01-02,1.3622,1.3503,1.3627,1.3493,0.90%
2016-01-03,1.35,1.345,1.3524,1.3447,0.38%
2016-01-04,1.3449,1.3546,1.3577,1.3429,-0.73%
2016-01-05,1.3548,1.3557,1.3591,1.355,-0.05%
2016-01-06,1.3555,1.3496,1.3621,1.3489,0.47%
2016-01-07,1.3492,1.3362,1.3572,1.3352,0.99%
2016-01-08,1.336,1.3465,1.347,1.3304,-0.77%
2016-01-09,1.3463,1.3475,1.3498,1.3189,-0.42%
2016-01-10,1.352,1.3586,1.3592,1.3471,-0.46%
2016-01-11,1.3582,1.351,1.3626,1.3494,0.56%
2016-01-12,1.3507,1.346,1.3554,1.3434,0.34%
2016-01-13,1.3461,1.3323,1.347,1.328,1.04%
2016-01-14,1.3322,1.3281,1.3447,1.3274,0.75%
2016-01-15,1.3223,1.3296,1.3326,1.3134,-0.53%
2016-01-16,1.3293,1.3403,1.3414,1.3246,-0.77%
2016-01-17,1.3396,1.3355,1.3478,1.335,0.32%
2016-01-18,1.3353,1.3378,1.3393,1.329,-0.17%
2016-01-19,1.3376,1.3449,1.3449,1.3225,-0.45%
2016-01-20,1.3437,1.3447,1.3541,1.3411,-0.11%
2016-01-21,1.3452,1.3361,1.35,1.3353,0.67%
2016-01-22,1.3363,1.3423,1.3442,1.3287,-0.39%
2016-01-23,1.3415,1.3325,1.3442,1.3314,0.71%
2016-01-24,1.3321,1.3314,1.3386,1.3304,0.05%
2016-01-25,1.3314,1.3356,1.3383,1.3288,-0.31%
2016-01-26,1.3355,1.3376,1.3399,1.3321,-0.20%
2016-01-27,1.3382,1.3362,1.3395,1.3304,0.19%
2016-01-28,1.3356,1.3325,1.3382,1.3292,0.25%
2016-01-29,1.3323,1.3274,1.3398,1.3263,0.31%
2016-01-30,1.3282,1.3261,1.3297,1.3245,0.16%
2016-01-31,1.3261,1.3275,1.3281,1.3196,-0.06%
2016-02-01,1.3269,1.3244,1.3313,1.3242,0.21%
2016-02-02,1.3241,1.3195,1.3274,1.3187,0.38%
2016-02-03,1.3191,1.3179,1.3243,1.3162,0.04%
2016-02-04,1.3186,1.3118,1.3203,1.3109,0.55%
2016-02-05,1.3114,1.3222,1.323,1.3105,-0.81%
2016-02-06,1.3221,1.327,1.331,1.3189,-0.38%
2016-02-07,1.3271,1.3166,1.3278,1.3155,0.82%
2016-02-08,1.3163,1.3163,1.3209,1.3118,0.05%
2016-02-09,1.3156,1.3144,1.3178,1.3092,0.11%
2016-02-10,1.3142,1.2989,1.3155,1.293,1.21%
2016-02-11,1.2985,1.306,1.314,1.2914,-0.56%
2016-02-12,1.3058,1.2916,1.308,1.2903,1.13%
2016-02-13,1.2912,1.2946,1.2954,1.2853,-0.22%
2016-02-14,1.2941,1.2929,1.2989,1.2898,0.12%
2016-02-15,1.2926,1.2983,1.3027,1.2881,-0.42%
2016-02-16,1.2981,1.3046,1.3065,1.2917,-0.48%
2016-02-17,1.3043,1.3019,1.3081,1.3001,0.15%
2016-02-18,1.3023,1.3048,1.3075,1.2993,-0.13%
2016-02-19,1.304,1.3083,1.3125,1.3018,-0.31%
2016-02-20,1.3081,1.3151,1.3155,1.3069,-0.48%
2016-02-21,1.3144,1.2945,1.3178,1.2937,1.55%
2016-02-22,1.2944,1.2952,1.298,1.291,-0.02%
2016-02-23,1.2947,1.2915,1.3025,1.2889,0.26%
2016-02-24,1.2913,1.2916,1.2963,1.2863,-0.01%
2016-02-25,1.2914,1.301,1.3031,1.289,-0.75%
2016-02-26,1.3011,1.2938,1.3066,1.2862,0.60%
2016-02-27,1.2934,1.3064,1.3074,1.2922,-1.00%
2016-02-28,1.3064,1.3028,1.3084,1.3004,0.14%
2016-02-29,1.3046,1.2935,1.3051,1.292,0.87%
2016-03-01,1.2933,1.2919,1.2972,1.289,0.12%
2016-03-02,1.2918,1.2886,1.2931,1.2845,0.32%
2016-03-03,1.2877,1.2978,1.3008,1.2866,-0.77%
2016-03-04,1.2977,1.2933,1.2991,1.2899,0.36%
2016-03-05,1.2931,1.2893,1.2955,1.2837,0.33%
2016-03-06,1.2889,1.2919,1.298,1.2818,-0.21%
2016-03-07,1.2916,1.2864,1.2944,1.2806,0.43%
2016-03-08,1.2861,1.2836,1.2903,1.2822,0.27%
2016-03-09,1.2827,1.2747,1.2927,1.2744,0.64%
2016-03-10,1.2745,1.2754,1.2806,1.2687,-0.03%
2016-03-11,1.2749,1.2724,1.2782,1.2689,0.21%
2016-03-12,1.2722,1.2733,1.2778,1.2674,-0.07%
2016-03-13,1.2731,1.2812,1.2868,1.271,-0.65%
2016-03-14,1.2814,1.2924,1.2967,1.2774,-0.78%
2016-03-15,1.2915,1.2973,1.3001,1.2915,-0.44%
2016-03-16,1.2972,1.2966,1.3,1.2865,0.05%
2016-03-17,1.2965,1.2889,1.3008,1.2874,0.61%
2016-03-18,1.2886,1.2841,1.2927,1.2815,0.33%
2016-03-19,1.2844,1.2803,1.292,1.2775,0.40%
2016-03-20,1.2793,1.28,1.2866,1.2763,-0.08%
2016-03-21,1.2803,1.3003,1.3036,1.2773,-1.52%
2016-03-22,1.3,1.2981,1.3024,1.2884,0.10%
2016-03-23,1.2987,1.317,1.318,1.298,-1.36%
2016-03-24,1.3166,1.3274,1.3285,1.314,-0.87%
2016-03-25,1.3282,1.3282,1.332,1.3175,0.02%
2016-03-26,1.328,1.3349,1.3358,1.3242,-0.54%
2016-03-27,1.3352,1.3383,1.3404,1.3283,-0.22%
2016-03-28,1.3381,1.3367,1.3484,1.3355,0.09%
2016-03-29,1.3369,1.3342,1.3396,1.3301,0.15%
2016-03-30,1.3349,1.3208,1.3357,1.3185,1.14%
2016-03-31,1.3198,1.3207,1.3285,1.3162,-0.08%
2016-04-01,1.3208,1.3153,1.322,1.3117,0.44%
2016-04-02,1.315,1.3068,1.3171,1.3054,0.67%
2016-04-03,1.3063,1.3086,1.3149,1.3052,-0.18%
2016-04-04,1.3087,1.3216,1.3256,1.3059,-0.95%
2016-04-05,1.3212,1.3096,1.3226,1.3063,0.87%
2016-04-06,1.3098,1.3239,1.3269,1.3094,-1.04%
2016-04-07,1.3235,1.3099,1.325,1.3095,1.02%
2016-04-08,1.3102,1.3087,1.3123,1.3074,0.14%
2016-04-09,1.3084,1.306,1.3144,1.3047,0.16%
2016-04-10,1.3063,1.3035,1.3125,1.303,0.24%
2016-04-11,1.3032,1.3053,1.3068,1.3004,-0.12%
2016-04-12,1.3048,1.3078,1.3132,1.3041,-0.17%
2016-04-13,1.307,1.3042,1.3104,1.3018,0.15%
2016-04-14,1.3051,1.3153,1.3155,1.3009,-0.72%
2016-04-15,1.3146,1.3114,1.3187,1.3111,0.26%
2016-04-16,1.3112,1.3073,1.3162,1.3056,0.40%
2016-04-17,1.306,1.3075,1.3109,1.2981,-0.09%
2016-04-18,1.3072,1.3082,1.3113,1.3004,-0.12%
2016-04-19,1.3088,1.3098,1.3171,1.3069,-0.04%
2016-04-20,1.3093,1.2997,1.3103,1.2944,0.75%
2016-04-21,1.2995,1.2932,1.3013,1.2911,0.50%
2016-04-22,1.293,1.2882,1.2953,1.2838,0.38%
2016-04-23,1.2881,1.2786,1.2903,1.278,0.72%
2016-04-24,1.2789,1.2741,1.2804,1.2717,0.39%
2016-04-25,1.2739,1.2734,1.2761,1.2672,0.05%
2016-04-26,1.2732,1.2733,1.2744,1.2644,0.03%
2016-04-27,1.2728,1.2658,1.2768,1.265,0.54%
2016-04-28,1.266,1.2565,1.2666,1.2517,0.76%
2016-04-29,1.2565,1.2552,1.2575,1.251,0.13%
2016-04-30,1.2549,1.2584,1.2625,1.252,-0.25%
2016-05-01,1.258,1.2552,1.2651,1.2548,0.26%
2016-05-02,1.2548,1.2558,1.2567,1.2479,-0.03%
2016-05-03,1.2552,1.2612,1.2667,1.255,-0.54%
2016-05-04,1.262,1.2607,1.2665,1.2566,0.13%
2016-05-05,1.2604,1.2614,1.2671,1.26,-0.04%
2016-05-06,1.2609,1.2542,1.2624,1.2508,0.55%
2016-05-07,1.254,1.2492,1.2593,1.2463,0.39%
2016-05-08,1.2491,1.2485,1.2521,1.2459,0.06%
2016-05-09,1.2483,1.2465,1.2494,1.2437,0.14%
2016-05-10,1.2466,1.2476,1.2531,1.2456,-0.03%
2016-05-11,1.247,1.2401,1.2492,1.2358,0.57%
2016-05-12,1.2399,1.2298,1.2402,1.2257,0.84%
2016-05-13,1.2296,1.234,1.2391,1.2251,-0.30%
2016-05-14,1.2333,1.2421,1.2438,1.2313,-0.65%
2016-05-15,1.2414,1.2419,1.2465,1.2388,-0.03%
2016-05-16,1.2418,1.2521,1.2543,1.2414,-0.80%
2016-05-17,1.2518,1.2467,1.2533,1.2431,0.46%
2016-05-18,1.2461,1.2356,1.2478,1.2335,0.85%
2016-05-19,1.2356,1.2421,1.2457,1.2343,-0.55%
2016-05-20,1.2424,1.2556,1.2568,1.2401,-1.04%
2016-05-21,1.2554,1.2573,1.2589,1.251,-0.16%
2016-05-22,1.2574,1.2605,1.2688,1.2553,-0.22%
2016-05-23,1.2602,1.2531,1.2608,1.2454,0.49%
2016-05-24,1.254,1.2601,1.2655,1.2473,-0.48%
2016-05-25,1.26,1.2745,1.2756,1.2586,-1.14%
2016-05-26,1.2745,1.2731,1.2814,1.2706,0.13%
2016-05-27,1.2729,1.2723,1.2757,1.2617,0.06%
2016-05-28,1.2722,1.2681,1.2737,1.2628,0.47%
2016-05-29,1.2663,1.2607,1.2732,1.2582,0.55%
2016-05-30,1.2594,1.2576,1.2634,1.25,0.17%
2016-05-31,1.2572,1.255,1.2616,1.2544,0.18%
2016-06-01,1.2549,1.2501,1.2577,1.2478,0.46%
2016-06-02,1.2492,1.2339,1.2507,1.2322,1.20%
2016-06-03,1.2344,1.232,1.2395,1.2291,0.23%
2016-06-04,1.2316,1.2261,1.2345,1.2234,0.54%
2016-06-05,1.225,1.2332,1.2355,1.2205,-0.66%
2016-06-06,1.2331,1.219,1.2364,1.2179,1.22%
2016-06-07,1.2182,1.2179,1.2205,1.2163,0.15%
2016-06-08,1.2164,1.2226,1.2242,1.2161,-0.47%
2016-06-09,1.2222,1.224,1.225,1.2185,-0.14%
2016-06-10,1.2239,1.2241,1.2289,1.2221,-0.10%
2016-06-11,1.2251,1.2194,1.2297,1.2184,0.51%
2016-06-12,1.2189,1.2086,1.2228,1.2075,0.70%
2016-06-13,1.2104,1.2222,1.2239,1.2101,-1.00%
2016-06-14,1.2226,1.2231,1.2242,1.2165,-0.02%
2016-06-15,1.2229,1.226,1.2341,1.221,-0.24%
2016-06-16,1.2259,1.2334,1.2377,1.2255,-0.62%
2016-06-17,1.2335,1.2406,1.2438,1.2284,-0.58%
2016-06-18,1.2407,1.2364,1.2469,1.235,0.37%
2016-06-19,1.2361,1.2347,1.2418,1.2265,0.16%
2016-06-20,1.2341,1.2435,1.2451,1.2335,-0.75%
2016-06-21,1.2434,1.2443,1.2485,1.2421,-0.06%
2016-06-22,1.2442,1.2499,1.2504,1.2405,-0.48%
2016-06-23,1.2502,1.2599,1.2602,1.2483,-0.71%
2016-06-24,1.2592,1.2468,1.2643,1.2428,1.03%
2016-06-25,1.2464,1.2425,1.2487,1.2388,0.35%
2016-06-26,1.2421,1.2432,1.2519,1.2404,-0.06%
2016-06-27,1.2428,1.2369,1.2456,1.2359,0.49%
2016-06-28,1.2367,1.2344,1.2378,1.2298,0.20%
2016-06-29,1.2342,1.2334,1.2416,1.2307,0.08%
2016-06-30,1.2332,1.2294,1.2387,1.2273,0.32%
2016-07-01,1.2293,1.2437,1.2451,1.2247,-1.14%
2016-07-02,1.2435,1.2487,1.2505,1.2415,-0.51%
2016-07-03,1.2499,1.2457,1.2523,1.2407,0.35%
2016-07-04,1.2455,1.2514,1.2531,1.2407,-0.47%
2016-07-05,1.2514,1.2616,1.2631,1.2437,-0.86%
2016-07-06,1.2623,1.2514,1.2648,1.2503,0.93%
2016-07-07,1.2507,1.2464,1.2537,1.245,0.44%
2016-07-08,1.2452,1.2458,1.2488,1.2443,-0.02%
2016-07-09,1.2455,1.2385,1.2485,1.2361,0.57%
2016-07-10,1.2385,1.2331,1.2421,1.2288,0.39%
2016-07-11,1.2337,1.2232,1.2385,1.2164,0.88%
2016-07-12,1.2229,1.2264,1.2328,1.2208,-0.25%
2016-07-13,1.226,1.2396,1.2412,1.2206,-1.07%
2016-07-14,1.2392,1.2376,1.2476,1.2349,0.13%
2016-07-15,1.2376,1.2429,1.2443,1.2329,-0.34%
2016-07-16,1.2418,1.2414,1.2474,1.2251,0.02%
2016-07-17,1.2416,1.2435,1.2469,1.2316,-0.32%
2016-07-18,1.2456,1.2204,1.2486,1.2131,2.09%
2016-07-19,1.2201,1.1875,1.2232,1.1775,2.66%
2016-07-20,1.1885,1.176,1.1976,1.1639,1.09%
2016-07-21,1.1757,1.1549,1.1801,1.1508,1.81%
2016-07-22,1.1548,1.166,1.1741,1.1446,-0.80%
2016-07-23,1.1641,1.1487,1.1934,1.1409,1.36%
2016-07-24,1.1485,1.1619,1.1794,1.1473,-1.10%
2016-07-25,1.1613,1.2052,1.2131,1.1461,-3.63%
2016-07-26,1.205,1.227,1.2275,1.2002,-1.76%
2016-07-27,1.2266,1.2285,1.2431,1.2201,-0.08%
2016-07-28,1.2276,1.2574,1.2626,1.2268,-2.35%
2016-07-29,1.2571,1.2818,1.2851,1.249,-1.94%
2016-07-30,1.282,1.2904,1.2977,1.2804,-0.67%
2016-07-31,1.2906,1.313,1.3133,1.2881,-1.71%
2016-08-01,1.3131,1.3047,1.3201,1.3031,0.64%
2016-08-02,1.3047,1.2954,1.3058,1.2943,0.72%
2016-08-03,1.2954,1.2872,1.2969,1.2859,0.65%
2016-08-04,1.287,1.2812,1.2874,1.277,0.47%
2016-08-05,1.281,1.2752,1.2845,1.2738,0.47%
2016-08-06,1.275,1.28,1.2852,1.2739,-0.55%
2016-08-07,1.282,1.2885,1.2921,1.2725,-0.50%
2016-08-08,1.2884,1.2907,1.2947,1.2859,-0.15%
2016-08-09,1.2903,1.3005,1.3013,1.2895,-0.78%
2016-08-10,1.3004,1.2924,1.3019,1.2914,0.60%
2016-08-11,1.2927,1.296,1.2973,1.2886,-0.32%
2016-08-12,1.2969,1.2884,1.2982,1.2877,0.70%
2016-08-13,1.2879,1.2922,1.293,1.2848,-0.31%
2016-08-14,1.2919,1.2998,1.3024,1.2907,-0.61%
2016-08-15,1.2998,1.3007,1.3049,1.297,-0.06%
2016-08-16,1.3006,1.3036,1.3055,1.2998,-0.31%
2016-08-17,1.3046,1.3051,1.3065,1.3001,0.01%
2016-08-18,1.3045,1.296,1.307,1.2944,0.66%
2016-08-19,1.296,1.2952,1.2993,1.2947,0.07%
2016-08-20,1.2951,1.2915,1.2969,1.2895,0.29%
2016-08-21,1.2913,1.2897,1.2947,1.2872,0.17%
2016-08-22,1.2891,1.293,1.296,1.2881,-0.29%
2016-08-23,1.2928,1.2999,1.3005,1.2921,-0.55%
2016-08-24,1.3,1.3033,1.3071,1.2956,-0.22%
2016-08-25,1.3029,1.2996,1.3047,1.294,0.28%
2016-08-26,1.2993,1.3217,1.3217,1.2982,-1.56%
2016-08-27,1.3199,1.3099,1.321,1.3083,0.80%
2016-08-28,1.3094,1.302,1.3111,1.2977,0.57%
2016-08-29,1.302,1.3028,1.3032,1.2989,-0.05%
2016-08-30,1.3027,1.3055,1.3067,1.2975,-0.20%
2016-08-31,1.3053,1.3075,1.3105,1.304,-0.18%
2016-09-01,1.3076,1.3122,1.3174,1.3056,-0.34%
2016-09-02,1.3121,1.3142,1.3152,1.3096,-0.14%
2016-09-03,1.314,1.3051,1.3154,1.3034,0.71%
2016-09-04,1.3047,1.3013,1.3085,1.2995,0.29%
2016-09-05,1.3009,1.3002,1.3014,1.2961,0.01%
2016-09-06,1.3008,1.308,1.3119,1.3005,-0.52%
2016-09-07,1.3076,1.3039,1.3084,1.3024,0.31%
2016-09-08,1.3036,1.3018,1.3044,1.2986,0.15%
2016-09-09,1.3017,1.2988,1.3034,1.2953,0.22%
2016-09-10,1.2988,1.3055,1.3064,1.296,-0.54%
2016-09-11,1.3059,1.3067,1.3097,1.3041,-0.05%
2016-09-12,1.3065,1.3101,1.3125,1.3012,-0.24%
2016-09-13,1.3097,1.3125,1.3171,1.308,-0.20%
2016-09-14,1.3123,1.3168,1.3213,1.3095,-0.33%
2016-09-15,1.3167,1.3075,1.3175,1.3063,0.62%
2016-09-16,1.3086,1.3138,1.3162,1.3053,-0.44%
2016-09-17,1.3144,1.3255,1.3268,1.3115,-0.83%
2016-09-18,1.3254,1.3261,1.3276,1.3237,-0.04%
2016-09-19,1.3259,1.3117,1.3285,1.3106,1.11%
2016-09-20,1.3113,1.3066,1.3152,1.3066,0.28%
2016-09-21,1.3076,1.2992,1.3118,1.2967,0.65%
2016-09-22,1.2992,1.2961,1.3017,1.2952,0.25%
2016-09-23,1.296,1.2943,1.299,1.2921,0.12%
2016-09-24,1.2944,1.2936,1.2972,1.2912,0.09%
2016-09-25,1.2933,1.2994,1.3033,1.2904,-0.53%
2016-09-26,1.3002,1.301,1.3081,1.2978,-0.04%
2016-09-27,1.3007,1.3079,1.3133,1.2989,-0.53%
2016-09-28,1.3076,1.3129,1.3136,1.3059,-0.40%
2016-09-29,1.3128,1.333,1.334,1.3099,-1.51%
2016-09-30,1.3329,1.3336,1.3423,1.332,0.03%
2016-10-01,1.3325,1.3168,1.3516,1.316,1.24%
2016-10-02,1.3162,1.3203,1.323,1.3051,-0.23%
2016-10-03,1.3193,1.3157,1.3214,1.3106,0.30%
2016-10-04,1.3154,1.3151,1.3217,1.3132,0.08%
2016-10-05,1.3143,1.3139,1.3182,1.3117,0.06%
2016-10-06,1.3135,1.3157,1.3167,1.31,-0.15%
2016-10-07,1.3155,1.3104,1.3168,1.3102,0.40%
2016-10-08,1.3103,1.2993,1.3122,1.2981,0.85%
2016-10-09,1.2992,1.294,1.3012,1.293,0.43%
2016-10-10,1.2936,1.2917,1.2951,1.2895,0.02%
2016-10-11,1.2933,1.2911,1.2948,1.2879,0.17%
2016-10-12,1.2911,1.2921,1.2952,1.2898,-0.08%
2016-10-13,1.2921,1.2866,1.2924,1.2826,0.44%
2016-10-14,1.2865,1.2899,1.291,1.2836,-0.26%
2016-10-15,1.2898,1.2851,1.2913,1.284,0.53%
2016-10-16,1.283,1.2915,1.293,1.2823,-0.64%
2016-10-17,1.2913,1.2924,1.2972,1.2893,-0.07%
2016-10-18,1.2922,1.2924,1.2933,1.2887,0.00%
2016-10-19,1.2922,1.2954,1.2971,1.2909,-0.23%
2016-10-20,1.2952,1.2905,1.2986,1.29,0.41%
2016-10-21,1.2899,1.2881,1.2921,1.2866,0.14%
2016-10-22,1.2881,1.2851,1.2889,1.2824,0.25%
2016-10-23,1.2849,1.2848,1.2865,1.2822,0.04%
2016-10-24,1.2844,1.2855,1.2875,1.2815,-0.05%
2016-10-25,1.2851,1.2777,1.2898,1.2777,0.63%
2016-10-26,1.277,1.2813,1.2826,1.2768,-0.34%
2016-10-27,1.2813,1.2853,1.2879,1.2794,-0.29%
2016-10-28,1.285,1.2885,1.2898,1.2844,-0.25%
2016-10-29,1.2882,1.2884,1.2918,1.2859,0.00%
2016-10-30,1.2882,1.2944,1.2948,1.2875,-0.40%
2016-10-31,1.2934,1.294,1.2974,1.2926,-0.05%
2016-11-01,1.294,1.2904,1.2976,1.2894,0.30%
2016-11-02,1.2901,1.2869,1.2909,1.2845,0.28%
2016-11-03,1.2865,1.2865,1.2905,1.2806,0.02%
2016-11-04,1.2862,1.2825,1.2878,1.281,0.32%
2016-11-05,1.2821,1.2852,1.2864,1.2803,-0.23%
2016-11-06,1.285,1.2912,1.2952,1.2788,-0.51%
2016-11-07,1.2916,1.2872,1.2923,1.284,0.34%
2016-11-08,1.2872,1.2959,1.3001,1.2861,-0.66%
2016-11-09,1.2958,1.2925,1.3013,1.2874,-0.10%
2016-11-10,1.2971,1.289,1.2987,1.2838,0.64%
2016-11-11,1.2888,1.2832,1.299,1.275,0.45%
2016-11-12,1.283,1.2787,1.2877,1.2656,0.34%
2016-11-13,1.2786,1.2609,1.28,1.2602,1.43%
2016-11-14,1.2606,1.2625,1.2654,1.2515,-0.32%
2016-11-15,1.2647,1.2441,1.2708,1.2407,1.66%
2016-11-16,1.244,1.2206,1.247,1.2205,1.93%
2016-11-17,1.2204,1.2219,1.2292,1.2198,-0.11%
2016-11-18,1.2217,1.2292,1.2304,1.2194,-0.59%
2016-11-19,1.229,1.2326,1.2338,1.2286,-0.34%
2016-11-20,1.2332,1.2333,1.2358,1.2276,0.03%
2016-11-21,1.2328,1.2306,1.2414,1.2265,0.23%
2016-11-22,1.23,1.2307,1.2325,1.2227,-0.01%
2016-11-23,1.2301,1.2287,1.2342,1.2206,0.11%
2016-11-24,1.2287,1.2289,1.2348,1.2275,-0.01%
2016-11-25,1.2288,1.2322,1.2338,1.227,-0.28%
2016-11-26,1.2322,1.2356,1.2382,1.2302,-0.22%
2016-11-27,1.2349,1.2484,1.25,1.2347,-1.11%
2016-11-28,1.2488,1.2429,1.2503,1.2414,0.47%
2016-11-29,1.2429,1.2469,1.2492,1.2413,-0.38%
2016-11-30,1.2477,1.2524,1.2583,1.2459,-0.38%
2016-12-01,1.2524,1.2473,1.256,1.2438,0.45%
2016-12-02,1.2468,1.2502,1.2514,1.2438,-0.26%
2016-12-03,1.25,1.2437,1.2528,1.2392,0.58%
2016-12-04,1.2428,1.2501,1.2511,1.2399,-0.58%
2016-12-05,1.25,1.2335,1.2507,1.2327,1.36%
2016-12-06,1.2332,1.2325,1.2368,1.2283,0.05%
2016-12-07,1.2326,1.2349,1.2372,1.2312,-0.16%
2016-12-08,1.2346,1.2347,1.2377,1.2306,0.01%
2016-12-09,1.2345,1.2273,1.2385,1.2233,0.52%
2016-12-10,1.2281,1.2331,1.2345,1.2278,-0.39%
2016-12-11,1.2329,1.2253,1.2355,1.221,0.64%
2016-12-12,1.225,1.2078,1.2259,1.2076,1.37%
2016-12-13,1.2084,1.2067,1.2106,1.1958,0.15%
2016-12-14,1.2066,1.2149,1.2176,1.2034,-0.74%
2016-12-15,1.2156,1.218,1.2226,1.2139,-0.26%
2016-12-16,1.2188,1.2211,1.2234,1.2171,-0.17%
2016-12-17,1.2209,1.229,1.2293,1.2156,-0.63%
2016-12-18,1.2287,1.2219,1.231,1.2208,0.59%
2016-12-19,1.2215,1.2264,1.2287,1.2207,-0.51%
2016-12-20,1.2277,1.2251,1.2294,1.2194,0.22%
2016-12-21,1.225,1.2128,1.2273,1.2107,1.02%
2016-12-22,1.2126,1.217,1.2177,1.2112,-0.35%
2016-12-23,1.2168,1.2127,1.2183,1.2064,0.35%
2016-12-24,1.2125,1.2148,1.2174,1.2104,-0.20%
2016-12-25,1.2149,1.2086,1.2177,1.2076,0.54%
2016-12-26,1.2084,1.2062,1.2151,1.2049,0.21%
2016-12-27,1.2059,1.2058,1.2102,1.2045,0.01%
2016-12-28,1.2058,1.2076,1.2098,1.2041,-0.12%
2016-12-29,1.2073,1.2048,1.2107,1.2014,0.32%
2016-12-30,1.2034,1.2126,1.2155,1.2024,-0.80%
2016-12-31,1.2131,1.2141,1.2184,1.2095,-0.07%
2017-01-01,1.214,1.217,1.2192,1.212,-0.21%
2017-01-02,1.2166,1.2145,1.2211,1.2133,0.21%
2017-01-03,1.2141,1.2143,1.219,1.2101,-0.11%
2017-01-04,1.2154,1.2135,1.217,1.209,0.19%
2017-01-05,1.2131,1.2155,1.2171,1.2078,-0.21%
2017-01-06,1.2157,1.2154,1.225,1.2134,0.07%
2017-01-07,1.2149,1.222,1.2228,1.2119,-0.56%
2017-01-08,1.2217,1.2386,1.2389,1.2212,-1.32%
2017-01-09,1.238,1.2464,1.2464,1.2376,-0.59%
2017-01-10,1.2454,1.2484,1.2519,1.2436,-0.22%
2017-01-11,1.2481,1.2438,1.2523,1.2426,0.36%
2017-01-12,1.2436,1.2473,1.2483,1.2418,-0.30%
2017-01-13,1.2474,1.2508,1.2522,1.2455,-0.21%
2017-01-14,1.25,1.2551,1.2557,1.2477,-0.37%
2017-01-15,1.2546,1.2433,1.2559,1.2426,0.93%
2017-01-16,1.2431,1.2407,1.2457,1.2382,0.23%
2017-01-17,1.2403,1.2515,1.2522,1.2395,-0.89%
2017-01-18,1.2514,1.2573,1.2581,1.2509,-0.47%
2017-01-19,1.2573,1.252,1.258,1.2517,0.43%
2017-01-20,1.2519,1.2499,1.2572,1.2498,0.16%
2017-01-21,1.2499,1.2468,1.2522,1.2443,0.27%
2017-01-22,1.2465,1.2514,1.2524,1.244,-0.36%
2017-01-23,1.251,1.2517,1.2541,1.2499,-0.10%
2017-01-24,1.2523,1.2581,1.2588,1.248,-0.42%
2017-01-25,1.2576,1.2573,1.2593,1.2567,0.04%
2017-01-26,1.2571,1.2592,1.2603,1.2557,-0.16%
2017-01-27,1.2591,1.2641,1.2654,1.2583,-0.37%
2017-01-28,1.2638,1.2695,1.2708,1.2631,-0.43%
2017-01-29,1.2693,1.2677,1.2736,1.2663,0.14%
2017-01-30,1.2675,1.2687,1.2725,1.2661,-0.10%
2017-01-31,1.2688,1.27,1.2708,1.2663,-0.07%
2017-02-01,1.2697,1.2742,1.2785,1.2671,-0.33%
2017-02-02,1.2739,1.2722,1.2767,1.2708,-0.01%
2017-02-03,1.274,1.2701,1.275,1.2642,0.32%
2017-02-04,1.2699,1.2642,1.2729,1.2632,0.47%
2017-02-05,1.2639,1.2558,1.2674,1.2542,0.66%
2017-02-06,1.2556,1.2534,1.2566,1.2506,0.19%
2017-02-07,1.2532,1.26,1.2607,1.2531,-0.46%
2017-02-08,1.259,1.2676,1.2684,1.2579,-0.65%
2017-02-09,1.2672,1.269,1.2709,1.2661,-0.11%
2017-02-10,1.2686,1.2724,1.2759,1.268,-0.28%
2017-02-11,1.2722,1.2686,1.2734,1.2669,0.31%
2017-02-12,1.2683,1.2731,1.2748,1.2653,-0.40%
2017-02-13,1.2734,1.2702,1.2764,1.2687,0.28%
2017-02-14,1.2699,1.2684,1.2743,1.2667,0.12%
2017-02-15,1.2684,1.2697,1.2744,1.2679,-0.09%
2017-02-16,1.2696,1.2665,1.2716,1.2642,0.26%
2017-02-17,1.2663,1.2627,1.2675,1.2609,0.25%
2017-02-18,1.2631,1.2608,1.2645,1.2558,0.20%
2017-02-19,1.2606,1.2627,1.2641,1.2579,-0.15%
2017-02-20,1.2625,1.2654,1.2672,1.2611,-0.21%
2017-02-21,1.2652,1.2679,1.2702,1.265,-0.20%
2017-02-22,1.2677,1.2727,1.2756,1.2666,-0.28%
2017-02-23,1.2712,1.2657,1.2734,1.2646,0.46%
2017-02-24,1.2654,1.2663,1.2685,1.2605,-0.06%
2017-02-25,1.2661,1.2706,1.2722,1.2623,-0.35%
2017-02-26,1.2705,1.273,1.2815,1.2685,-0.17%
2017-02-27,1.2726,1.2721,1.2759,1.2714,0.06%
2017-02-28,1.2718,1.2797,1.2809,1.2713,-0.60%
2017-03-01,1.2795,1.2843,1.2864,1.2787,-0.41%
2017-03-02,1.2848,1.2908,1.2924,1.2825,-0.43%
2017-03-03,1.2904,1.2958,1.2973,1.2902,-0.39%
2017-03-04,1.2955,1.2998,1.3042,1.294,-0.34%
2017-03-05,1.2999,1.3008,1.3048,1.299,-0.11%
2017-03-06,1.3013,1.3007,1.3037,1.2967,0.05%
2017-03-07,1.3006,1.3077,1.3082,1.2987,-0.52%
2017-03-08,1.3074,1.3097,1.3133,1.3039,-0.16%
2017-03-09,1.3095,1.3114,1.3171,1.3081,-0.58%
2017-03-10,1.3171,1.3033,1.3178,1.2989,1.05%
2017-03-11,1.3034,1.305,1.3082,1.3017,-0.11%
2017-03-12,1.3049,1.3033,1.3103,1.3029,0.14%
2017-03-13,1.3031,1.2939,1.305,1.2924,0.73%
2017-03-14,1.2936,1.2926,1.2947,1.2904,0.15%
2017-03-15,1.2917,1.2899,1.2945,1.2876,0.16%
2017-03-16,1.2897,1.2902,1.2918,1.2865,-0.02%
2017-03-17,1.29,1.2938,1.2965,1.2888,-0.29%
2017-03-18,1.2937,1.2981,1.302,1.2928,-0.35%
2017-03-19,1.2982,1.2995,1.3002,1.2974,-0.05%
2017-03-20,1.2988,1.2998,1.3015,1.2982,-0.06%
2017-03-21,1.2996,1.3042,1.3054,1.2979,-0.36%
2017-03-22,1.3043,1.3049,1.3069,1.3029,-0.04%
2017-03-23,1.3048,1.3102,1.3113,1.3042,-0.37%
2017-03-24,1.3097,1.3076,1.312,1.3065,0.12%
2017-03-25,1.3081,1.3061,1.3133,1.3049,0.21%
2017-03-26,1.3054,1.3092,1.311,1.305,-0.27%
2017-03-27,1.3089,1.3058,1.3122,1.3043,0.22%
2017-03-28,1.306,1.3065,1.3123,1.303,-0.02%
2017-03-29,1.3062,1.3036,1.3076,1.3021,0.20%
2017-03-30,1.3036,1.3079,1.3124,1.2987,-0.31%
2017-03-31,1.3077,1.3161,1.3192,1.306,-0.62%
2017-04-01,1.3159,1.3127,1.3197,1.3121,0.24%
2017-04-02,1.3127,1.3102,1.3151,1.3013,0.21%
2017-04-03,1.3099,1.3038,1.3151,1.3009,0.52%
2017-04-04,1.3031,1.3046,1.3137,1.2978,-0.09%
2017-04-05,1.3043,1.3189,1.3217,1.3034,-1.11%
2017-04-06,1.3189,1.3208,1.327,1.3166,-0.14%
2017-04-07,1.3207,1.3194,1.3263,1.3158,0.04%
2017-04-08,1.3202,1.3207,1.3247,1.316,-0.05%
2017-04-09,1.3209,1.3109,1.3225,1.3081,0.78%
2017-04-10,1.3107,1.3196,1.323,1.3004,-0.67%
2017-04-11,1.3196,1.3269,1.3283,1.3145,-0.54%
2017-04-12,1.3267,1.3256,1.3312,1.324,0.09%
2017-04-13,1.3255,1.3288,1.3302,1.3183,-0.26%
2017-04-14,1.3289,1.324,1.3302,1.3202,0.38%
2017-04-15,1.3239,1.3341,1.3342,1.3207,-0.73%
2017-04-16,1.3337,1.3076,1.3384,1.3059,2.02%
2017-04-17,1.3073,1.3151,1.329,1.3004,-0.59%
2017-04-18,1.3151,1.3018,1.3172,1.2948,1.04%
2017-04-19,1.3015,1.3085,1.311,1.2989,-0.53%
2017-04-20,1.3084,1.317,1.3187,1.3068,-0.65%
2017-04-21,1.3169,1.318,1.3182,1.3124,-0.05%
2017-04-22,1.3175,1.3177,1.3199,1.3097,-0.08%
2017-04-23,1.3186,1.3238,1.3275,1.3166,-0.12%
2017-04-24,1.3202,1.3262,1.3288,1.3171,-0.44%
2017-04-25,1.3261,1.3309,1.3326,1.3253,-0.35%
2017-04-26,1.3308,1.325,1.335,1.3233,0.44%
2017-04-27,1.325,1.3089,1.329,1.3089,1.18%
2017-04-28,1.3095,1.3074,1.3115,1.304,0.33%
2017-04-29,1.3052,1.3045,1.3082,1.2967,0.02%
2017-04-30,1.3049,1.3051,1.3096,1.3025,0.00%
2017-05-01,1.3049,1.3062,1.311,1.3011,-0.10%
2017-05-02,1.3062,1.2923,1.3075,1.2895,1.09%
2017-05-03,1.2921,1.2891,1.2939,1.2891,0.25%
2017-05-04,1.2889,1.2808,1.2899,1.2784,0.61%
2017-05-05,1.2811,1.2845,1.2879,1.2772,-0.26%
2017-05-06,1.2844,1.2893,1.296,1.2845,-0.36%
2017-05-07,1.289,1.2859,1.291,1.2832,0.32%
2017-05-08,1.2849,1.2949,1.2957,1.2845,-0.76%
2017-05-09,1.2947,1.2954,1.2977,1.2921,-0.05%
2017-05-10,1.2953,1.2933,1.2997,1.2853,0.16%
2017-05-11,1.2932,1.295,1.2981,1.2925,-0.08%
2017-05-12,1.2942,1.3039,1.3056,1.2924,-0.71%
2017-05-13,1.3035,1.3085,1.3104,1.3029,-0.37%
2017-05-14,1.3083,1.3107,1.3116,1.3043,-0.13%
2017-05-15,1.31,1.3116,1.3161,1.3097,-0.12%
2017-05-16,1.3116,1.3066,1.3147,1.3053,0.38%
2017-05-17,1.3066,1.3168,1.32,1.3056,-0.73%
2017-05-18,1.3162,1.3194,1.3214,1.3137,-0.30%
2017-05-19,1.3201,1.3065,1.3218,1.3055,1.05%
2017-05-20,1.3064,1.3068,1.3096,1.3011,-0.02%
2017-05-21,1.3067,1.2959,1.3082,1.2943,0.85%
2017-05-22,1.2957,1.289,1.2976,1.2855,0.52%
2017-05-23,1.289,1.2883,1.2912,1.283,0.13%
2017-05-24,1.2873,1.2986,1.2995,1.2856,-0.85%
2017-05-25,1.2984,1.2886,1.3002,1.2832,0.80%
2017-05-26,1.2881,1.286,1.2898,1.2824,0.18%
2017-05-27,1.2858,1.2862,1.2917,1.267,-0.04%
2017-05-28,1.2863,1.2848,1.2931,1.2817,0.17%
2017-05-29,1.2841,1.2758,1.2867,1.2709,0.74%
2017-05-30,1.2747,1.2789,1.2802,1.2728,-0.32%
2017-05-31,1.2788,1.2717,1.2806,1.2711,0.56%
2017-06-01,1.2717,1.278,1.2798,1.2706,-0.48%
2017-06-02,1.2778,1.273,1.2788,1.2717,0.41%
2017-06-03,1.2726,1.2629,1.2745,1.2615,0.75%
2017-06-04,1.2631,1.2605,1.2649,1.2438,0.19%
2017-06-05,1.2607,1.2742,1.2776,1.2581,-1.13%
2017-06-06,1.2751,1.2761,1.2765,1.2725,-0.05%
2017-06-07,1.2757,1.2682,1.2816,1.268,0.41%
2017-06-08,1.2705,1.2644,1.2711,1.2634,0.50%
2017-06-09,1.2642,1.2632,1.2676,1.2615,0.08%
2017-06-10,1.2632,1.2674,1.2721,1.263,-0.41%
2017-06-11,1.2684,1.2724,1.2728,1.2665,-0.30%
2017-06-12,1.2722,1.2652,1.2744,1.2629,0.73%
2017-06-13,1.263,1.2658,1.2699,1.2617,-0.20%
2017-06-14,1.2655,1.261,1.2708,1.2608,0.38%
2017-06-15,1.2607,1.264,1.268,1.2607,-0.29%
2017-06-16,1.2644,1.2624,1.2707,1.2609,0.15%
2017-06-17,1.2625,1.2591,1.2648,1.2569,0.33%
2017-06-18,1.2583,1.2656,1.2676,1.2529,-0.57%
2017-06-19,1.2655,1.2635,1.2687,1.2609,0.21%
2017-06-20,1.2629,1.2488,1.2673,1.2477,1.16%
2017-06-21,1.2484,1.2564,1.2639,1.2479,-0.60%
2017-06-22,1.2559,1.2729,1.276,1.2507,-1.31%
2017-06-23,1.2726,1.2785,1.2813,1.271,-0.44%
2017-06-24,1.2782,1.2733,1.2813,1.2699,0.40%
2017-06-25,1.2731,1.2724,1.2799,1.2671,0.10%
2017-06-26,1.2718,1.2724,1.2841,1.2659,-0.03%
2017-06-27,1.2722,1.2768,1.2826,1.2699,-0.23%
2017-06-28,1.2751,1.2792,1.281,1.2735,-0.32%
2017-06-29,1.2792,1.2824,1.2852,1.2754,-0.25%
2017-06-30,1.2824,1.2746,1.2849,1.2731,0.60%
2017-07-01,1.2747,1.2835,1.2836,1.2724,-0.67%
2017-07-02,1.2833,1.2853,1.2865,1.2795,0.16%
2017-07-03,1.2812,1.2879,1.2884,1.2799,-0.50%
2017-07-04,1.2876,1.2776,1.2929,1.2768,0.79%
2017-07-05,1.2775,1.2788,1.2821,1.2763,-0.09%
2017-07-06,1.2786,1.2852,1.2884,1.2775,-0.49%
2017-07-07,1.2849,1.2829,1.2885,1.2795,0.09%
2017-07-08,1.2837,1.2773,1.2879,1.2759,0.49%
2017-07-09,1.2774,1.2991,1.3031,1.2724,-1.69%
2017-07-10,1.2994,1.2979,1.3073,1.2885,0.18%
2017-07-11,1.2971,1.2849,1.3048,1.284,0.97%
2017-07-12,1.2847,1.296,1.2967,1.2826,-0.98%
2017-07-13,1.2974,1.3062,1.3082,1.2958,-0.67%
2017-07-14,1.3061,1.3127,1.3151,1.3045,-0.48%
2017-07-15,1.3124,1.3102,1.3176,1.3073,0.21%
2017-07-16,1.3097,1.3041,1.3109,1.302,0.44%
2017-07-17,1.304,1.3025,1.3064,1.2965,0.54%
2017-07-18,1.297,1.3011,1.3042,1.295,-0.30%
2017-07-19,1.3009,1.2769,1.3037,1.276,1.91%
2017-07-20,1.2765,1.2707,1.2832,1.2698,0.48%
2017-07-21,1.2704,1.2793,1.2814,1.2695,-0.68%
2017-07-22,1.2791,1.2828,1.2854,1.2791,-0.31%
2017-07-23,1.2831,1.2817,1.2843,1.2776,0.12%
2017-07-24,1.2815,1.2883,1.2921,1.2797,-0.50%
2017-07-25,1.288,1.2983,1.2995,1.2866,-0.79%
2017-07-26,1.2982,1.2966,1.3045,1.2937,0.16%
2017-07-27,1.2961,1.3068,1.3092,1.2955,-0.83%
2017-07-28,1.307,1.3018,1.3105,1.301,0.40%
2017-07-29,1.3018,1.3113,1.3132,1.3015,-0.74%
2017-07-30,1.3115,1.3183,1.3194,1.31,-0.55%
2017-07-31,1.3187,1.3153,1.3237,1.3141,0.26%
2017-08-01,1.3153,1.314,1.3183,1.3079,-0.02%
2017-08-02,1.3155,1.3225,1.3259,1.3149,-0.61%
2017-08-03,1.3236,1.3196,1.3249,1.3182,0.30%
2017-08-04,1.3196,1.3143,1.3217,1.3134,0.40%
2017-08-05,1.3144,1.3091,1.3152,1.3032,0.41%
2017-08-06,1.309,1.3108,1.3136,1.3028,-0.25%
2017-08-07,1.3123,1.3019,1.3126,1.3002,0.79%
2017-08-08,1.302,1.2941,1.3042,1.2921,0.62%
2017-08-09,1.294,1.2979,1.3024,1.2924,-0.30%
2017-08-10,1.2979,1.3044,1.3057,1.294,-0.49%
2017-08-11,1.3043,1.3031,1.3112,1.3011,0.09%
2017-08-12,1.3031,1.3081,1.3093,1.3,-0.39%
2017-08-13,1.3082,1.3168,1.3188,1.3075,-0.67%
2017-08-14,1.317,1.3185,1.3219,1.3138,-0.10%
2017-08-15,1.3183,1.3121,1.3195,1.3094,0.47%
2017-08-16,1.3121,1.3069,1.3169,1.3055,0.34%
2017-08-17,1.3077,1.3268,1.3278,1.3054,-1.43%
2017-08-18,1.3267,1.3144,1.3299,1.3135,0.94%
2017-08-19,1.3144,1.315,1.3216,1.3095,-0.04%
2017-08-20,1.3149,1.3158,1.3174,1.3118,-0.07%
2017-08-21,1.3158,1.3069,1.3168,1.3069,0.69%
2017-08-22,1.3068,1.3107,1.3143,1.3055,-0.30%
2017-08-23,1.3107,1.3047,1.3123,1.3026,0.45%
2017-08-24,1.3048,1.3033,1.3081,1.298,0.10%
2017-08-25,1.3035,1.3027,1.3089,1.297,0.06%
2017-08-26,1.3027,1.2935,1.3053,1.2896,0.80%
2017-08-27,1.2924,1.2933,1.3031,1.291,-0.06%
2017-08-28,1.2932,1.2905,1.2963,1.2895,0.22%
2017-08-29,1.2904,1.2854,1.2984,1.2785,0.37%
2017-08-30,1.2856,1.2867,1.2884,1.2811,-0.12%
2017-08-31,1.2872,1.2971,1.2971,1.2854,-0.70%
2017-09-01,1.2963,1.3014,1.3031,1.2947,-0.36%
2017-09-02,1.301,1.3027,1.3045,1.2985,-0.13%
2017-09-03,1.3027,1.2876,1.3034,1.2846,1.16%
2017-09-04,1.2877,1.2893,1.2933,1.2861,-0.12%
2017-09-05,1.2893,1.284,1.2903,1.2829,0.37%
2017-09-06,1.2845,1.2815,1.2883,1.2799,0.26%
2017-09-07,1.2812,1.2912,1.292,1.2804,-0.77%
2017-09-08,1.2911,1.2905,1.2938,1.2868,0.08%
2017-09-09,1.2901,1.2796,1.2928,1.2793,0.80%
2017-09-10,1.2798,1.274,1.2801,1.273,0.36%
2017-09-11,1.2752,1.2716,1.2755,1.2698,0.26%
2017-09-12,1.2719,1.2696,1.2756,1.2687,0.17%
2017-09-13,1.2698,1.2727,1.2742,1.2662,-0.21%
2017-09-14,1.2725,1.2771,1.2827,1.2704,-0.34%
2017-09-15,1.2768,1.2768,1.2793,1.2729,-0.01%
2017-09-16,1.2769,1.2824,1.2838,1.2723,-0.43%
2017-09-17,1.2824,1.2881,1.2913,1.282,-0.44%
2017-09-18,1.2881,1.2938,1.2963,1.2853,-0.45%
2017-09-19,1.2939,1.2943,1.2975,1.2925,-0.03%
2017-09-20,1.2943,1.3012,1.3019,1.2919,-0.50%
2017-09-21,1.3008,1.3019,1.3045,1.2975,-0.08%
2017-09-22,1.3018,1.3124,1.3131,1.3014,-0.82%
2017-09-23,1.3126,1.3127,1.3146,1.3095,-0.01%
2017-09-24,1.3127,1.3134,1.3175,1.3091,-0.05%
2017-09-25,1.3133,1.3095,1.3154,1.3093,0.22%
2017-09-26,1.3104,1.3109,1.3133,1.3081,-0.04%
2017-09-27,1.3109,1.3191,1.3215,1.3105,-0.61%
2017-09-28,1.3189,1.3144,1.3202,1.3132,0.33%
2017-09-29,1.3145,1.3101,1.3161,1.3071,0.33%
2017-09-30,1.3102,1.3122,1.3159,1.3081,-0.24%
2017-10-01,1.3134,1.3014,1.3141,1.2994,0.92%
2017-10-02,1.3014,1.3069,1.3085,1.2957,-0.42%
2017-10-03,1.3069,1.3114,1.3124,1.3009,-0.35%
2017-10-04,1.3115,1.3236,1.3271,1.3072,-0.91%
2017-10-05,1.3236,1.323,1.3295,1.3216,0.01%
2017-10-06,1.3235,1.3207,1.3241,1.3103,0.22%
2017-10-07,1.3206,1.3205,1.3246,1.318,0.01%
2017-10-08,1.3205,1.3278,1.3288,1.3199,-0.53%
2017-10-09,1.3276,1.326,1.3302,1.3224,0.13%
2017-10-10,1.3259,1.3304,1.3364,1.319,-0.20%
2017-10-11,1.3285,1.3228,1.3293,1.3203,0.44%
2017-10-12,1.3227,1.323,1.3276,1.3203,-0.05%
2017-10-13,1.3233,1.3196,1.3252,1.3171,0.30%
2017-10-14,1.3193,1.3143,1.3208,1.3115,0.38%
2017-10-15,1.3143,1.3182,1.3211,1.3094,-0.50%
2017-10-16,1.3209,1.3077,1.3215,1.3068,1.00%
2017-10-17,1.3078,1.3114,1.3123,1.305,-0.27%
2017-10-18,1.3113,1.3229,1.3245,1.3107,-0.87%
2017-10-19,1.3228,1.3284,1.3294,1.3192,-0.37%
2017-10-20,1.3277,1.3276,1.3292,1.3222,0.05%
2017-10-21,1.327,1.3252,1.3316,1.3236,0.14%
2017-10-22,1.3252,1.3176,1.3271,1.3101,0.60%
2017-10-23,1.3173,1.3174,1.3217,1.3148,-0.05%
2017-10-24,1.318,1.3244,1.3275,1.315,-0.48%
2017-10-25,1.3244,1.3262,1.3287,1.3225,-0.31%
2017-10-26,1.3285,1.3262,1.3299,1.3212,0.17%
2017-10-27,1.3262,1.3375,1.3447,1.3256,-0.85%
2017-10-28,1.3376,1.3373,1.3392,1.3308,0.03%
2017-10-29,1.3372,1.3382,1.3426,1.3342,-0.02%
2017-10-30,1.3375,1.3404,1.3443,1.3345,-0.28%
2017-10-31,1.3412,1.3421,1.3439,1.3354,-0.07%
2017-11-01,1.3422,1.3413,1.3474,1.3374,0.07%
2017-11-02,1.3413,1.3396,1.3445,1.3383,0.12%
2017-11-03,1.3397,1.3314,1.3412,1.3302,0.63%
2017-11-04,1.3313,1.3337,1.34,1.3294,-0.26%
2017-11-05,1.3348,1.3299,1.3363,1.3252,0.36%
2017-11-06,1.33,1.329,1.335,1.3277,0.06%
2017-11-07,1.3292,1.3251,1.331,1.3242,0.29%
2017-11-08,1.3254,1.3312,1.3328,1.3205,-0.45%
2017-11-09,1.3314,1.3308,1.3342,1.3296,0.04%
2017-11-10,1.3309,1.338,1.3393,1.3294,-0.54%
2017-11-11,1.3381,1.3346,1.3423,1.3339,0.24%
2017-11-12,1.3349,1.3437,1.3444,1.3305,-0.65%
2017-11-13,1.3436,1.3431,1.3493,1.3412,0.04%
2017-11-14,1.3431,1.3473,1.3485,1.3392,-0.32%
2017-11-15,1.3474,1.3518,1.3531,1.3455,-0.32%
2017-11-16,1.3517,1.3489,1.3571,1.3473,0.22%
2017-11-17,1.3488,1.3506,1.3523,1.3456,-0.13%
2017-11-18,1.3506,1.3558,1.3575,1.3452,-0.37%
2017-11-19,1.3556,1.3547,1.361,1.3538,0.10%
2017-11-20,1.3543,1.352,1.3598,1.3502,0.19%
2017-11-21,1.3517,1.3544,1.3618,1.3458,-0.21%
2017-11-22,1.3546,1.3546,1.3608,1.3498,0.00%
2017-11-23,1.3546,1.3557,1.3593,1.3484,-0.08%
2017-11-24,1.3557,1.3536,1.3577,1.3515,0.18%
2017-11-25,1.3533,1.3577,1.3588,1.3487,-0.32%
2017-11-26,1.3576,1.358,1.3631,1.3537,-0.01%
2017-11-27,1.3578,1.3614,1.3668,1.3554,-0.26%
2017-11-28,1.3614,1.3762,1.3776,1.3589,-1.15%
2017-11-29,1.3772,1.3787,1.3795,1.3714,-0.06%
2017-11-30,1.378,1.392,1.3937,1.3747,-0.98%
2017-12-01,1.3916,1.3933,1.3999,1.3895,-0.11%
2017-12-02,1.3931,1.3979,1.3998,1.3923,-0.33%
2017-12-03,1.3977,1.394,1.3989,1.3918,0.26%
2017-12-04,1.3941,1.402,1.4033,1.3926,-0.45%
2017-12-05,1.4004,1.4086,1.4092,1.3994,-0.62%
2017-12-06,1.4091,1.4202,1.4246,1.4068,-0.79%
2017-12-07,1.4203,1.4288,1.4316,1.4173,-0.59%
2017-12-08,1.4288,1.4336,1.4378,1.4282,-0.35%
2017-12-09,1.4338,1.4254,1.4347,1.4227,0.68%
2017-12-10,1.4241,1.4226,1.4298,1.422,0.10%
2017-12-11,1.4227,1.4178,1.4248,1.4145,0.34%
2017-12-12,1.4179,1.4177,1.4224,1.4161,0.03%
2017-12-13,1.4175,1.4131,1.4191,1.4121,0.31%
2017-12-14,1.4131,1.4098,1.4166,1.4077,0.28%
2017-12-15,1.4092,1.4003,1.4106,1.3982,0.64%
2017-12-16,1.4003,1.4079,1.41,1.3965,-0.56%
2017-12-17,1.4082,1.4059,1.4098,1.4014,0.16%
2017-12-18,1.4059,1.4045,1.4091,1.4021,0.10%
2017-12-19,1.4045,1.4026,1.408,1.402,0.19%
2017-12-20,1.4018,1.4018,1.4062,1.4009,0.01%
2017-12-21,1.4017,1.4077,1.4098,1.401,-0.43%
2017-12-22,1.4078,1.4154,1.4202,1.4069,-0.56%
2017-12-23,1.4157,1.4231,1.4246,1.4067,-0.50%
2017-12-24,1.4228,1.4142,1.4246,1.4132,0.67%
2017-12-25,1.4134,1.4096,1.4172,1.4084,0.27%
2017-12-26,1.4096,1.4141,1.4218,1.4076,-0.33%
2017-12-27,1.4142,1.3998,1.4152,1.3997,1.03%
2017-12-28,1.3998,1.4024,1.4067,1.3981,-0.19%
2017-12-29,1.4024,1.3931,1.4088,1.3911,0.60%
2017-12-30,1.3941,1.3936,1.3981,1.3886,0.02%
2017-12-31,1.3938,1.3962,1.3989,1.3921,-0.16%
2018-01-01,1.3961,1.3961,1.3998,1.3926,-0.01%
2018-01-02,1.3962,1.3906,1.3997,1.3876,0.41%
2018-01-03,1.3905,1.3852,1.3918,1.3839,0.40%
2018-01-04,1.3849,1.3811,1.389,1.3788,0.27%
2018-01-05,1.3812,1.39,1.3911,1.3782,-0.64%
2018-01-06,1.3901,1.3887,1.3915,1.3846,0.10%
2018-01-07,1.3887,1.385,1.3932,1.3817,0.27%
2018-01-08,1.3849,1.3797,1.3877,1.3766,0.32%
2018-01-09,1.3805,1.3777,1.3819,1.3757,0.21%
2018-01-10,1.3776,1.3762,1.3786,1.3712,0.12%
2018-01-11,1.376,1.3907,1.3916,1.3756,-1.07%
2018-01-12,1.3909,1.3967,1.3999,1.3858,-0.42%
2018-01-13,1.3967,1.3974,1.4071,1.3928,0.00%
2018-01-14,1.3967,1.3962,1.4007,1.3905,0.08%
2018-01-15,1.3956,1.3919,1.3988,1.3857,0.27%
2018-01-16,1.3918,1.3996,1.4009,1.3905,-0.56%
2018-01-17,1.3996,1.4005,1.4026,1.3931,-0.06%
2018-01-18,1.4005,1.4034,1.4051,1.3958,-0.26%
2018-01-19,1.4042,1.41,1.4146,1.3998,-0.40%
2018-01-20,1.4099,1.4002,1.4105,1.399,0.72%
2018-01-21,1.3998,1.3894,1.4018,1.3799,0.76%
2018-01-22,1.3892,1.3837,1.3925,1.3832,0.39%
2018-01-23,1.3838,1.3827,1.3878,1.3797,0.00%
2018-01-24,1.3838,1.3914,1.3989,1.3765,-0.55%
2018-01-25,1.3914,1.3879,1.4067,1.3846,0.23%
2018-01-26,1.3882,1.3949,1.3994,1.3848,-0.47%
2018-01-27,1.3948,1.396,1.4001,1.3836,-0.08%
2018-01-28,1.3959,1.413,1.4151,1.3955,-1.16%
2018-01-29,1.4123,1.4264,1.428,1.4102,-1.00%
2018-01-30,1.4265,1.4191,1.4278,1.4158,0.51%
2018-01-31,1.4192,1.4148,1.4234,1.4121,0.33%
2018-02-01,1.4146,1.4074,1.4166,1.3979,0.50%
2018-02-02,1.4075,1.4163,1.4163,1.4026,-0.67%
2018-02-03,1.417,1.4147,1.4287,1.4109,0.17%
2018-02-04,1.4146,1.4244,1.4345,1.4083,-0.68%
2018-02-05,1.4243,1.3999,1.4263,1.3997,1.73%
2018-02-06,1.4001,1.3989,1.4028,1.3916,0.10%
2018-02-07,1.3987,1.3881,1.3993,1.3858,0.97%
2018-02-08,1.3852,1.3897,1.3947,1.384,-0.30%
2018-02-09,1.3893,1.3831,1.3914,1.3805,0.48%
2018-02-10,1.3827,1.3791,1.3944,1.3757,0.25%
2018-02-11,1.3793,1.3791,1.3806,1.374,0.01%
2018-02-12,1.3792,1.3731,1.3822,1.3723,0.46%
2018-02-13,1.3729,1.3538,1.3743,1.3535,1.41%
2018-02-14,1.3538,1.3506,1.3556,1.3457,0.23%
2018-02-15,1.3507,1.3541,1.3564,1.3482,-0.24%
2018-02-16,1.354,1.357,1.3583,1.3506,-0.21%
2018-02-17,1.3568,1.3572,1.3587,1.3523,-0.02%
2018-02-18,1.3571,1.3552,1.3583,1.3523,0.13%
2018-02-19,1.3553,1.3515,1.3562,1.3505,0.27%
2018-02-20,1.3516,1.3588,1.3614,1.3497,-0.53%
2018-02-21,1.3588,1.3507,1.3602,1.35,0.63%
2018-02-22,1.3503,1.3515,1.3522,1.3494,-0.09%
2018-02-23,1.3515,1.3444,1.3545,1.3428,0.54%
2018-02-24,1.3443,1.3397,1.3458,1.3392,0.34%
2018-02-25,1.3397,1.3375,1.3431,1.3368,0.17%
2018-02-26,1.3374,1.3371,1.3391,1.3347,0.04%
2018-02-27,1.3369,1.3357,1.3396,1.3355,0.05%
2018-02-28,1.3362,1.3386,1.3399,1.3349,-0.17%
2018-03-01,1.3385,1.3376,1.3389,1.3331,0.07%
2018-03-02,1.3376,1.3386,1.3422,1.3372,-0.07%
2018-03-03,1.3385,1.3382,1.3403,1.3332,0.02%
2018-03-04,1.3382,1.3328,1.342,1.331,0.46%
2018-03-05,1.3321,1.3431,1.345,1.3302,-0.83%
2018-03-06,1.3432,1.3418,1.3463,1.339,0.09%
2018-03-07,1.342,1.3317,1.3422,1.3311,0.77%
2018-03-08,1.3317,1.3339,1.3381,1.3304,-0.16%
2018-03-09,1.3339,1.3392,1.3432,1.3331,-0.40%
2018-03-10,1.3392,1.3477,1.3521,1.3355,-0.61%
2018-03-11,1.3474,1.3391,1.3485,1.3319,0.60%
2018-03-12,1.3394,1.3442,1.3449,1.3357,-0.36%
2018-03-13,1.3443,1.3479,1.3483,1.337,-0.27%
2018-03-14,1.3479,1.3479,1.3539,1.3417,0.04%
2018-03-15,1.3473,1.3525,1.3552,1.3445,-0.39%
2018-03-16,1.3526,1.341,1.355,1.3405,0.87%
2018-03-17,1.3409,1.334,1.345,1.3339,0.53%
2018-03-18,1.3338,1.3312,1.3388,1.3221,0.15%
2018-03-19,1.3318,1.3337,1.3384,1.331,-0.14%
2018-03-20,1.3337,1.3309,1.3361,1.3279,0.20%
2018-03-21,1.331,1.3325,1.3338,1.3284,-0.12%
2018-03-22,1.3326,1.3239,1.3332,1.3214,0.66%
2018-03-23,1.3239,1.3236,1.327,1.3211,0.03%
2018-03-24,1.3235,1.3217,1.328,1.3184,0.16%
2018-03-25,1.3214,1.3196,1.3261,1.317,0.14%
2018-03-26,1.3195,1.3171,1.3209,1.3135,0.18%
2018-03-27,1.3171,1.3167,1.3216,1.3131,0.05%
2018-03-28,1.3165,1.3116,1.3188,1.3075,0.37%
2018-03-29,1.3116,1.3183,1.3198,1.3062,-0.57%
2018-03-30,1.3191,1.3148,1.3232,1.3113,0.30%
2018-03-31,1.3151,1.3115,1.3167,1.3086,0.27%
2018-04-01,1.3116,1.3167,1.3178,1.3087,-0.39%
2018-04-02,1.3167,1.317,1.3179,1.3109,-0.04%
2018-04-03,1.3172,1.3085,1.3177,1.3058,0.73%
2018-04-04,1.3076,1.3059,1.3132,1.3039,0.13%
2018-04-05,1.3059,1.3245,1.33,1.3043,-1.41%
2018-04-06,1.3246,1.3282,1.3321,1.324,-0.28%
2018-04-07,1.3283,1.3207,1.3289,1.319,0.57%
2018-04-08,1.3208,1.3112,1.3216,1.3105,0.60%
2018-04-09,1.3129,1.3161,1.3164,1.307,-0.24%
2018-04-10,1.316,1.3264,1.3281,1.3147,-0.78%
2018-04-11,1.3264,1.3132,1.3272,1.311,0.97%
2018-04-12,1.3136,1.3199,1.3229,1.3112,-0.46%
2018-04-13,1.3197,1.3187,1.3228,1.3156,0.05%
2018-04-14,1.319,1.3159,1.3202,1.3087,0.24%
2018-04-15,1.3159,1.3206,1.323,1.3132,-0.35%
2018-04-16,1.3205,1.3191,1.3212,1.314,0.11%
2018-04-17,1.3191,1.325,1.3289,1.3154,-0.45%
2018-04-18,1.325,1.3309,1.3313,1.3225,-0.28%
2018-04-19,1.3287,1.3262,1.3338,1.3249,0.19%
2018-04-20,1.3262,1.3224,1.3292,1.3121,0.29%
2018-04-21,1.3223,1.3205,1.3236,1.3175,0.14%
2018-04-22,1.3204,1.3141,1.3227,1.3131,0.47%
2018-04-23,1.3142,1.3069,1.3185,1.3056,0.58%
2018-04-24,1.3066,1.3119,1.3127,1.3027,-0.40%
2018-04-25,1.3119,1.3247,1.3251,1.3107,-0.95%
2018-04-26,1.3245,1.3236,1.3293,1.3235,0.07%
2018-04-27,1.3236,1.3276,1.3289,1.3222,-0.31%
2018-04-28,1.3277,1.3389,1.3404,1.3255,-0.90%
2018-04-29,1.3397,1.3441,1.3446,1.3349,-0.33%
2018-04-30,1.3442,1.3386,1.3458,1.3343,0.41%
2018-05-01,1.3387,1.3459,1.3464,1.3364,-0.53%
2018-05-02,1.3458,1.3467,1.3517,1.341,-0.07%
2018-05-03,1.3467,1.3493,1.3572,1.3431,-0.19%
2018-05-04,1.3493,1.3581,1.3597,1.345,-0.63%
2018-05-05,1.3579,1.3493,1.3587,1.347,0.63%
2018-05-06,1.3494,1.351,1.3658,1.3452,-0.11%
2018-05-07,1.3509,1.3495,1.3553,1.3469,0.11%
2018-05-08,1.3494,1.3576,1.362,1.3465,-0.73%
2018-05-09,1.3593,1.3398,1.3617,1.3381,1.46%
2018-05-10,1.3397,1.3211,1.3407,1.3162,1.41%
2018-05-11,1.3211,1.3284,1.333,1.3185,-0.55%
2018-05-12,1.3284,1.3163,1.33,1.316,0.92%
2018-05-13,1.3163,1.3203,1.3223,1.3159,-0.27%
2018-05-14,1.3198,1.31,1.3225,1.3093,0.74%
2018-05-15,1.3101,1.3043,1.3117,1.3032,0.44%
2018-05-16,1.3043,1.3032,1.3084,1.3018,0.08%
2018-05-17,1.3033,1.2927,1.3044,1.2909,0.78%
2018-05-18,1.2932,1.2958,1.2967,1.2911,-0.15%
2018-05-19,1.2951,1.2931,1.2996,1.2904,0.15%
2018-05-20,1.2931,1.2928,1.2935,1.2851,0.04%
2018-05-21,1.2926,1.2918,1.2939,1.2877,0.05%
2018-05-22,1.292,1.2931,1.2979,1.2914,-0.10%
2018-05-23,1.2933,1.2902,1.2948,1.2873,0.36%
2018-05-24,1.2887,1.2799,1.2891,1.2793,0.68%
2018-05-25,1.28,1.2796,1.2837,1.2771,0.00%
2018-05-26,1.28,1.2824,1.2835,1.2779,-0.19%
2018-05-27,1.2824,1.2897,1.291,1.2809,-0.60%
2018-05-28,1.2901,1.287,1.2918,1.2849,0.19%
2018-05-29,1.2876,1.2869,1.292,1.2834,0.05%
2018-05-30,1.2869,1.2894,1.2914,1.2855,-0.16%
2018-05-31,1.289,1.287,1.2905,1.2842,0.16%
2018-06-01,1.287,1.2964,1.2971,1.2845,-0.73%
2018-06-02,1.2965,1.2994,1.3024,1.2957,-0.36%
2018-06-03,1.3012,1.2976,1.3031,1.2938,0.29%
2018-06-04,1.2975,1.3,1.3017,1.2951,-0.23%
2018-06-05,1.3005,1.2989,1.3029,1.2966,0.11%
2018-06-06,1.2991,1.3035,1.3055,1.2952,-0.34%
2018-06-07,1.3035,1.3028,1.3063,1.3014,-0.01%
2018-06-08,1.3036,1.3135,1.3166,1.3022,-0.78%
2018-06-09,1.3139,1.3221,1.3266,1.3112,-0.64%
2018-06-10,1.3223,1.3203,1.3252,1.3189,0.15%
2018-06-11,1.3203,1.3216,1.3249,1.3193,-0.08%
2018-06-12,1.3214,1.3131,1.3225,1.3096,0.60%
2018-06-13,1.3135,1.3067,1.3155,1.306,0.52%
2018-06-14,1.3067,1.3119,1.3157,1.3052,-0.41%
2018-06-15,1.3121,1.3021,1.3125,1.3001,0.73%
2018-06-16,1.3026,1.303,1.3086,1.3007,-0.02%
2018-06-17,1.3029,1.2986,1.3058,1.2986,0.26%
2018-06-18,1.2995,1.2975,1.3023,1.2954,0.16%
2018-06-19,1.2974,1.3024,1.3038,1.2934,-0.34%
2018-06-20,1.3018,1.3037,1.3053,1.3009,-0.17%
2018-06-21,1.304,1.3057,1.3127,1.3004,-0.11%
2018-06-22,1.3055,1.31,1.3113,1.3045,-0.31%
2018-06-23,1.3096,1.2935,1.3115,1.2933,1.21%
2018-06-24,1.2939,1.2887,1.2958,1.2879,0.42%
2018-06-25,1.2885,1.2848,1.2908,1.2811,0.28%
2018-06-26,1.2849,1.2885,1.2932,1.2833,-0.23%
2018-06-27,1.2879,1.2886,1.2912,1.2857,-0.10%
2018-06-28,1.2892,1.2969,1.2977,1.2867,-0.61%
2018-06-29,1.2971,1.2936,1.2984,1.2919,0.28%
2018-06-30,1.2935,1.2917,1.295,1.2892,0.12%
2018-07-01,1.292,1.294,1.2962,1.2913,-0.13%
2018-07-02,1.2937,1.3011,1.3024,1.293,-0.69%
2018-07-03,1.3027,1.3005,1.3032,1.2948,0.16%
2018-07-04,1.3006,1.2923,1.3013,1.2919,0.62%
2018-07-05,1.2926,1.2817,1.2974,1.2792,0.86%
2018-07-06,1.2816,1.2723,1.286,1.2716,0.75%
2018-07-07,1.2721,1.2729,1.276,1.2704,0.02%
2018-07-08,1.2718,1.2681,1.2745,1.2673,0.28%
2018-07-09,1.2682,1.267,1.2692,1.2652,0.09%
2018-07-10,1.2671,1.2631,1.2712,1.2591,0.32%
2018-07-11,1.2631,1.2732,1.2758,1.2603,-0.82%
2018-07-12,1.2736,1.2787,1.2817,1.2724,-0.31%
2018-07-13,1.2776,1.2754,1.2806,1.2748,0.16%
2018-07-14,1.2755,1.275,1.2796,1.2689,0.02%
2018-07-15,1.2752,1.2755,1.2818,1.2722,-0.01%
2018-07-16,1.2753,1.266,1.2759,1.2642,0.77%
2018-07-17,1.2656,1.2731,1.2771,1.2637,-0.70%
2018-07-18,1.2745,1.2958,1.2964,1.2637,-1.61%
2018-07-19,1.2953,1.2961,1.2979,1.2907,-0.06%
2018-07-20,1.2961,1.2912,1.2969,1.2887,0.39%
2018-07-21,1.2911,1.2905,1.2953,1.2874,0.06%
2018-07-22,1.2903,1.285,1.2942,1.2847,0.12%
2018-07-23,1.2887,1.2881,1.2908,1.2849,0.05%
2018-07-24,1.2881,1.2889,1.2916,1.283,-0.07%
2018-07-25,1.289,1.2859,1.2921,1.2769,0.25%
2018-07-26,1.2858,1.2837,1.289,1.2792,0.13%
2018-07-27,1.2841,1.2807,1.2853,1.2791,0.29%
2018-07-28,1.2804,1.2942,1.2949,1.2773,-1.05%
2018-07-29,1.294,1.2969,1.3013,1.2929,-0.26%
2018-07-30,1.2974,1.2961,1.3,1.2925,0.09%
2018-07-31,1.2962,1.3,1.3036,1.2954,-0.29%
2018-08-01,1.3,1.3007,1.3044,1.2965,-0.27%
2018-08-02,1.3035,1.2936,1.304,1.2927,0.74%
2018-08-03,1.2939,1.2969,1.3051,1.2893,-0.26%
2018-08-04,1.2973,1.2918,1.2994,1.2907,0.43%
2018-08-05,1.2917,1.2896,1.2958,1.2866,0.19%
2018-08-06,1.2893,1.2888,1.294,1.2873,0.02%
2018-08-07,1.2891,1.2886,1.29,1.2843,0.04%
2018-08-08,1.2886,1.2942,1.2953,1.2852,-0.40%
2018-08-09,1.2938,1.2933,1.2989,1.2926,0.02%
2018-08-10,1.2935,1.2944,1.2961,1.2902,-0.04%
2018-08-11,1.294,1.2981,1.2992,1.2929,-0.32%
2018-08-12,1.2981,1.292,1.2985,1.29,0.46%
2018-08-13,1.2921,1.2864,1.2931,1.283,0.42%
2018-08-14,1.2867,1.294,1.2953,1.2865,-0.55%
2018-08-15,1.2938,1.2888,1.2943,1.2865,0.40%
2018-08-16,1.2886,1.2951,1.2955,1.2879,-0.50%
2018-08-17,1.2951,1.2908,1.297,1.2889,0.36%
2018-08-18,1.2904,1.2846,1.2916,1.2836,0.44%
2018-08-19,1.2847,1.284,1.2864,1.2804,0.05%
2018-08-20,1.2841,1.2795,1.2846,1.2772,0.37%
2018-08-21,1.2794,1.2842,1.2871,1.277,-0.15%
2018-08-22,1.2813,1.2813,1.2835,1.2759,0.00%
2018-08-23,1.2813,1.2782,1.2851,1.2775,0.27%
2018-08-24,1.2779,1.2839,1.2862,1.2768,-0.48%
2018-08-25,1.2841,1.2569,1.2909,1.2518,2.20%
2018-08-26,1.2565,1.2531,1.2599,1.2526,0.33%
2018-08-27,1.2524,1.2503,1.2537,1.25,0.14%
2018-08-28,1.2506,1.2537,1.2575,1.2497,-0.27%
2018-08-29,1.254,1.2491,1.255,1.2479,0.39%
2018-08-30,1.2491,1.2412,1.2497,1.2404,0.62%
2018-08-31,1.2414,1.2384,1.2432,1.2367,0.33%
2018-09-01,1.2373,1.2468,1.2478,1.2363,-0.78%
2018-09-02,1.247,1.2486,1.2508,1.2451,-0.10%
2018-09-03,1.2483,1.244,1.2501,1.2423,0.34%
2018-09-04,1.2441,1.2488,1.2496,1.2418,-0.37%
2018-09-05,1.2487,1.254,1.2556,1.2464,-0.50%
2018-09-06,1.255,1.2472,1.2562,1.2436,0.65%
2018-09-07,1.2469,1.2433,1.2529,1.2405,0.28%
2018-09-08,1.2434,1.2447,1.2476,1.2377,-0.13%
2018-09-09,1.245,1.2559,1.2598,1.2439,-0.84%
2018-09-10,1.2556,1.2487,1.2618,1.2476,0.69%
2018-09-11,1.247,1.2521,1.2524,1.2468,-0.41%
2018-09-12,1.2521,1.2484,1.2532,1.2461,0.30%
2018-09-13,1.2484,1.2477,1.2507,1.2423,0.04%
2018-09-14,1.2479,1.2358,1.2496,1.234,0.98%
2018-09-15,1.2358,1.24,1.2437,1.2335,-0.29%
2018-09-16,1.2394,1.2359,1.2406,1.2323,0.28%
2018-09-17,1.236,1.2289,1.2378,1.2241,0.55%
2018-09-18,1.2292,1.2153,1.2309,1.2139,1.14%
2018-09-19,1.2154,1.2219,1.2228,1.2108,-0.53%
2018-09-20,1.2219,1.2162,1.2252,1.2149,0.39%
2018-09-21,1.2171,1.2168,1.219,1.214,0.03%
2018-09-22,1.2167,1.2166,1.2195,1.2134,-0.02%
2018-09-23,1.217,1.2199,1.2216,1.214,-0.25%
2018-09-24,1.22,1.2235,1.2253,1.2168,-0.29%
2018-09-25,1.2236,1.2294,1.2302,1.2223,-0.48%
2018-09-26,1.2295,1.227,1.2304,1.2217,0.23%
2018-09-27,1.2267,1.2289,1.2308,1.2242,-0.23%
2018-09-28,1.2295,1.2382,1.2406,1.2279,-0.69%
2018-09-29,1.2381,1.2443,1.247,1.2369,-0.51%
2018-09-30,1.2444,1.2467,1.2486,1.2384,-0.19%
2018-10-01,1.2468,1.2554,1.2572,1.2447,-0.69%
2018-10-02,1.2555,1.2443,1.2562,1.2428,0.84%
2018-10-03,1.2451,1.2471,1.2509,1.2423,-0.18%
2018-10-04,1.2473,1.2458,1.2482,1.2398,0.10%
2018-10-05,1.2461,1.241,1.2483,1.2401,0.38%
2018-10-06,1.2414,1.249,1.2513,1.2388,-0.61%
2018-10-07,1.249,1.2462,1.2527,1.2454,0.25%
2018-10-08,1.2459,1.2471,1.2482,1.2381,-0.09%
2018-10-09,1.247,1.2526,1.255,1.2443,-0.46%
2018-10-10,1.2528,1.2474,1.2541,1.247,0.30%
2018-10-11,1.2491,1.2498,1.2524,1.2438,-0.04%
2018-10-12,1.2496,1.2542,1.2585,1.249,-0.34%
2018-10-13,1.2539,1.2508,1.2551,1.2474,0.22%
2018-10-14,1.2511,1.2465,1.2547,1.2346,0.33%
2018-10-15,1.247,1.2491,1.251,1.2424,-0.14%
2018-10-16,1.2488,1.2525,1.2539,1.2458,-0.32%
2018-10-17,1.2528,1.2664,1.2715,1.2522,-1.03%
2018-10-18,1.2658,1.2587,1.2686,1.2549,0.63%
2018-10-19,1.2579,1.2485,1.2598,1.2412,0.74%
2018-10-20,1.2486,1.2552,1.2604,1.2466,-0.55%
2018-10-21,1.2555,1.2599,1.2614,1.2523,-0.30%
2018-10-22,1.2593,1.2638,1.268,1.2562,-0.32%
2018-10-23,1.2634,1.2525,1.2643,1.2492,0.90%
2018-10-24,1.2521,1.2534,1.2546,1.2415,-0.11%
2018-10-25,1.2535,1.2363,1.2546,1.2356,1.29%
2018-10-26,1.2375,1.2342,1.2381,1.226,0.27%
2018-10-27,1.2342,1.2257,1.2343,1.2251,0.68%
2018-10-28,1.2259,1.2414,1.2417,1.2252,-1.24%
2018-10-29,1.2413,1.2044,1.2415,1.2014,3.03%
2018-10-30,1.2048,1.2064,1.209,1.1985,-1.08%
2018-10-31,1.2179,1.2158,1.2234,1.2122,0.13%
2018-11-01,1.2163,1.2208,1.2318,1.215,-0.40%
2018-11-02,1.2212,1.2176,1.227,1.2037,0.29%
2018-11-03,1.2177,1.2162,1.2191,1.2105,0.12%
2018-11-04,1.2162,1.2268,1.2273,1.2124,-1.02%
2018-11-05,1.2287,1.2424,1.2437,1.2264,-1.05%
2018-11-06,1.2418,1.2326,1.2436,1.2272,0.78%
2018-11-07,1.2322,1.2237,1.2356,1.2222,0.68%
2018-11-08,1.2239,1.2274,1.2308,1.22,-0.29%
2018-11-09,1.2275,1.2345,1.2354,1.2268,-0.51%
2018-11-10,1.2338,1.2263,1.2389,1.2245,0.61%
2018-11-11,1.2263,1.2228,1.228,1.2212,0.30%
2018-11-12,1.2226,1.2269,1.2298,1.2199,-0.37%
2018-11-13,1.2271,1.2284,1.229,1.2237,-0.14%
2018-11-14,1.2288,1.2269,1.2314,1.2264,-0.03%
2018-11-15,1.2292,1.2283,1.2301,1.2228,0.07%
2018-11-16,1.2283,1.235,1.2379,1.2274,-0.57%
2018-11-17,1.2354,1.2364,1.2393,1.2323,-0.11%
2018-11-18,1.2367,1.2401,1.2414,1.2313,-0.27%
2018-11-19,1.24,1.2493,1.2504,1.2355,-0.78%
2018-11-20,1.2497,1.2427,1.2519,1.2389,0.63%
2018-11-21,1.2419,1.256,1.2572,1.2376,-1.16%
2018-11-22,1.2565,1.2659,1.2721,1.2529,-0.73%
2018-11-23,1.2658,1.2675,1.2729,1.2651,-0.17%
2018-11-24,1.268,1.2575,1.2704,1.2556,0.83%
2018-11-25,1.2576,1.2589,1.2623,1.255,-0.08%
2018-11-26,1.2586,1.2626,1.2706,1.2547,-0.29%
2018-11-27,1.2622,1.2678,1.2685,1.2569,-0.43%
2018-11-28,1.2677,1.2729,1.2776,1.2655,-0.44%
2018-11-29,1.2733,1.2727,1.2746,1.2625,0.03%
2018-11-30,1.2729,1.2599,1.2747,1.2574,1.08%
2018-12-01,1.2593,1.2506,1.2697,1.25,0.70%
2018-12-02,1.2505,1.249,1.2524,1.2416,0.12%
2018-12-03,1.249,1.2414,1.2527,1.2386,0.60%
2018-12-04,1.2415,1.247,1.2533,1.2385,-0.49%
2018-12-05,1.2476,1.245,1.2491,1.2415,0.19%
2018-12-06,1.2452,1.2442,1.2499,1.2402,0.10%
2018-12-07,1.244,1.2425,1.247,1.2359,0.13%
2018-12-08,1.2424,1.2497,1.2514,1.2383,-0.55%
2018-12-09,1.2493,1.2348,1.2514,1.2311,1.19%
2018-12-10,1.2346,1.2418,1.2438,1.23,-0.56%
2018-12-11,1.2416,1.2443,1.2507,1.2407,-0.22%
2018-12-12,1.2443,1.2456,1.2504,1.241,-0.10%
2018-12-13,1.2456,1.2489,1.2531,1.2382,-0.25%
2018-12-14,1.2487,1.2593,1.2614,1.2441,-0.91%
2018-12-15,1.2602,1.2554,1.2675,1.2524,0.37%
2018-12-16,1.2555,1.2405,1.2585,1.2374,1.20%
2018-12-17,1.2406,1.2373,1.2549,1.2351,0.20%
2018-12-18,1.2381,1.2393,1.2444,1.2362,-0.14%
2018-12-19,1.2398,1.2513,1.2527,1.2379,-0.97%
2018-12-20,1.2519,1.2462,1.2559,1.2448,0.46%
2018-12-21,1.2462,1.2302,1.2496,1.2295,1.29%
2018-12-22,1.2303,1.2243,1.236,1.2224,0.49%
2018-12-23,1.2243,1.2237,1.2282,1.2206,-0.01%
2018-12-24,1.2244,1.2179,1.2251,1.2143,0.48%
2018-12-25,1.2185,1.2164,1.2217,1.2117,0.18%
2018-12-26,1.2163,1.2248,1.2271,1.2148,-0.69%
2018-12-27,1.2248,1.2189,1.2251,1.2154,0.49%
2018-12-28,1.2188,1.2237,1.2245,1.2083,-0.42%
2018-12-29,1.2239,1.2224,1.2253,1.2186,0.03%
2018-12-30,1.2235,1.2254,1.2263,1.2171,-0.14%
2018-12-31,1.2252,1.2285,1.23,1.221,-0.28%
2019-01-01,1.2286,1.2297,1.2334,1.2257,-0.09%
2019-01-02,1.2297,1.2181,1.2327,1.2174,0.93%
2019-01-03,1.2184,1.2188,1.2204,1.2136,-0.02%
2019-01-04,1.2187,1.2259,1.2263,1.2168,-0.55%
2019-01-05,1.2255,1.221,1.2275,1.2134,0.38%
2019-01-06,1.2208,1.2123,1.2328,1.2105,0.70%
2019-01-07,1.2123,1.2367,1.2377,1.2091,-1.94%
2019-01-08,1.2363,1.2435,1.2453,1.2347,-0.57%
2019-01-09,1.2434,1.2616,1.2626,1.1452,-1.44%
2019-01-10,1.2616,1.2746,1.2761,1.2601,-1.04%
2019-01-11,1.2749,1.2728,1.2772,1.2684,0.16%
2019-01-12,1.2728,1.2842,1.2862,1.2717,-0.90%
2019-01-13,1.2843,1.294,1.2948,1.2817,-1.02%
2019-01-14,1.2976,1.2969,1.3023,1.2936,0.05%
2019-01-15,1.297,1.3016,1.306,1.2953,-0.38%
2019-01-16,1.3019,1.3023,1.3033,1.2979,-0.02%
2019-01-17,1.3022,1.2975,1.3027,1.2936,0.36%
2019-01-18,1.2975,1.2952,1.2988,1.2914,0.01%
2019-01-19,1.2974,1.3071,1.309,1.2913,-0.80%
2019-01-20,1.3078,1.3036,1.3125,1.3028,0.39%
2019-01-21,1.3027,1.2989,1.3048,1.2945,0.29%
2019-01-22,1.2989,1.3029,1.3064,1.2946,-0.29%
2019-01-23,1.3027,1.2995,1.3093,1.2992,0.20%
2019-01-24,1.3001,1.3241,1.3255,1.2998,-1.79%
2019-01-25,1.3238,1.3232,1.3279,1.3179,0.02%
2019-01-26,1.3235,1.3191,1.3242,1.3138,0.30%
2019-01-27,1.3195,1.3337,1.3344,1.3167,-1.07%
2019-01-28,1.3338,1.3273,1.3351,1.3239,0.54%
2019-01-29,1.3267,1.3299,1.3341,1.3242,-0.22%
2019-01-30,1.3296,1.3339,1.3377,1.3281,-0.31%
2019-01-31,1.3338,1.3438,1.3441,1.3317,-0.75%
2019-02-01,1.3439,1.3303,1.3447,1.3295,1.01%
2019-02-02,1.3304,1.3299,1.3379,1.3291,0.08%
2019-02-03,1.3293,1.3272,1.3356,1.3255,0.19%
2019-02-04,1.3268,1.3139,1.3318,1.3125,0.99%
2019-02-05,1.3138,1.3077,1.3158,1.3065,0.42%
2019-02-06,1.3083,1.311,1.3121,1.306,-0.15%
2019-02-07,1.3103,1.3133,1.314,1.3057,-0.27%
2019-02-08,1.3139,1.3191,1.3281,1.312,-0.39%
2019-02-09,1.3191,1.3233,1.3264,1.3166,-0.32%
2019-02-10,1.3233,1.3193,1.3274,1.316,0.28%
2019-02-11,1.3196,1.3137,1.3215,1.3131,0.43%
2019-02-12,1.3139,1.306,1.3158,1.3028,0.49%
2019-02-13,1.3075,1.3173,1.3186,1.3021,-0.71%
2019-02-14,1.3168,1.3043,1.3174,1.3033,0.97%
2019-02-15,1.3042,1.3047,1.3089,1.2979,-0.02%
2019-02-16,1.3045,1.2878,1.3052,1.2873,1.28%
2019-02-17,1.288,1.292,1.2945,1.2864,-0.33%
2019-02-18,1.2923,1.296,1.3039,1.2905,-0.25%
2019-02-19,1.2955,1.3006,1.3028,1.2935,-0.43%
2019-02-20,1.3011,1.3005,1.3096,1.299,0.07%
2019-02-21,1.3002,1.304,1.3053,1.2956,-0.28%
2019-02-22,1.3039,1.3056,1.3097,1.3027,-0.26%
2019-02-23,1.3073,1.311,1.3178,1.3023,-0.27%
2019-02-24,1.3108,1.3329,1.3349,1.3103,-1.65%
2019-02-25,1.3328,1.3357,1.3373,1.328,-0.22%
2019-02-26,1.3357,1.3181,1.3366,1.3172,1.36%
2019-02-27,1.3178,1.3234,1.3276,1.3165,-0.40%
2019-02-28,1.3231,1.3169,1.3305,1.315,0.50%
2019-03-01,1.3165,1.322,1.3249,1.3117,-0.42%
2019-03-02,1.3221,1.3132,1.3235,1.3071,0.68%
2019-03-03,1.3132,1.3139,1.3179,1.3059,-0.07%
2019-03-04,1.3141,1.3112,1.3165,1.3094,0.23%
2019-03-05,1.3111,1.3236,1.3294,1.3081,-0.93%
2019-03-06,1.3234,1.3208,1.3276,1.3157,0.18%
2019-03-07,1.321,1.3111,1.3227,1.3063,0.76%
2019-03-08,1.3111,1.3255,1.3276,1.3072,-1.09%
2019-03-09,1.3256,1.3169,1.3313,1.3163,0.48%
2019-03-10,1.3193,1.3342,1.3481,1.3132,-1.12%
2019-03-11,1.3342,1.3146,1.3475,1.3106,1.48%
2019-03-12,1.3147,1.3248,1.3338,1.3132,-0.72%
2019-03-13,1.3243,1.299,1.3296,1.2969,1.92%
2019-03-14,1.2994,1.295,1.3018,1.285,0.29%
2019-03-15,1.2956,1.2909,1.3018,1.2878,0.36%
2019-03-16,1.291,1.2932,1.305,1.2874,-0.16%
2019-03-17,1.2931,1.302,1.303,1.2798,-0.71%
2019-03-18,1.3023,1.3289,1.3296,1.2999,-2.01%
2019-03-19,1.329,1.3247,1.334,1.3228,0.21%
2019-03-20,1.3262,1.3307,1.335,1.3244,-0.37%
2019-03-21,1.3311,1.3433,1.35,1.3207,-0.86%
2019-03-22,1.3426,1.3342,1.3535,1.3285,0.63%
2019-03-23,1.3342,1.3225,1.342,1.3198,0.93%
2019-03-24,1.3219,1.3564,1.3564,1.3119,-3.37%
2019-03-25,1.368,1.4872,1.502,1.3226,-8.06%
2019-03-26,1.4879,1.4706,1.4947,1.47,1.16%
2019-03-27,1.4708,1.4648,1.4777,1.4644,0.42%
2019-03-28,1.4647,1.47,1.4783,1.4614,-0.35%
2019-03-29,1.4699,1.4354,1.4722,1.4354,2.37%
2019-03-30,1.4358,1.4204,1.4388,1.4196,1.09%
2019-03-31,1.4203,1.4204,1.4253,1.4011,-0.01%
2019-04-01,1.4205,1.4116,1.4222,1.4092,0.62%
2019-04-02,1.4117,1.4273,1.4273,1.4091,-1.09%
2019-04-03,1.4272,1.4257,1.4327,1.4113,0.10%
2019-04-04,1.4258,1.446,1.4474,1.4179,-1.39%
2019-04-05,1.4459,1.4501,1.4528,1.4447,-0.30%
2019-04-06,1.4502,1.4541,1.46,1.4497,-0.29%
2019-04-07,1.4544,1.4441,1.4645,1.4435,0.71%
2019-04-08,1.4442,1.4519,1.4526,1.4356,-0.54%
2019-04-09,1.452,1.4419,1.4582,1.4398,0.66%
2019-04-10,1.4425,1.4417,1.4474,1.4405,0.06%
2019-04-11,1.4416,1.4479,1.4508,1.4386,-0.43%
2019-04-12,1.4478,1.4639,1.4724,1.4462,-1.10%
2019-04-13,1.4639,1.4624,1.4641,1.4586,0.10%
2019-04-14,1.4625,1.4671,1.4693,1.4605,-0.31%
2019-04-15,1.467,1.47,1.4744,1.4644,-0.18%
2019-04-16,1.4696,1.4636,1.473,1.4601,0.41%
2019-04-17,1.4636,1.4488,1.4646,1.4474,1.04%
2019-04-18,1.4485,1.4506,1.455,1.4443,-0.11%
2019-04-19,1.4501,1.4611,1.4615,1.4482,-0.76%
2019-04-20,1.4612,1.46,1.4666,1.4564,0.11%
2019-04-21,1.4596,1.4459,1.4635,1.4401,0.91%
2019-04-22,1.4464,1.4398,1.4526,1.4393,0.44%
2019-04-23,1.4401,1.4352,1.4421,1.4335,0.27%
2019-04-24,1.4362,1.445,1.4458,1.4339,-0.61%
2019-04-25,1.445,1.445,1.4534,1.4409,0.01%
2019-04-26,1.4448,1.4438,1.4488,1.4394,0.05%
2019-04-27,1.4441,1.4407,1.4478,1.4387,0.24%
2019-04-28,1.4407,1.4429,1.4479,1.4373,-0.16%
2019-04-29,1.443,1.4484,1.4544,1.4413,-0.39%
2019-04-30,1.4486,1.4499,1.4533,1.4446,-0.04%
2019-05-01,1.4492,1.4536,1.4572,1.446,-0.29%
2019-05-02,1.4534,1.4673,1.477,1.4528,-0.95%
2019-05-03,1.4673,1.4611,1.4697,1.4578,0.41%
2019-05-04,1.4613,1.4609,1.4671,1.4578,0.02%
2019-05-05,1.461,1.4541,1.4623,1.4523,0.46%
2019-05-06,1.4543,1.4585,1.4624,1.4476,-0.27%
2019-05-07,1.4582,1.4483,1.464,1.4476,0.69%
2019-05-08,1.4482,1.4414,1.4521,1.4402,0.55%
2019-05-09,1.4403,1.4323,1.4451,1.4311,0.56%
2019-05-10,1.4323,1.4333,1.4441,1.43,-0.07%
2019-05-11,1.4333,1.4393,1.4411,1.4327,-0.42%
2019-05-12,1.4393,1.4277,1.442,1.4267,0.81%
2019-05-13,1.4278,1.4225,1.4294,1.4134,0.58%
2019-05-14,1.4195,1.4155,1.4241,1.4131,0.29%
2019-05-15,1.4154,1.4203,1.4212,1.4089,-0.34%
2019-05-16,1.4203,1.4274,1.428,1.4191,-0.50%
2019-05-17,1.4275,1.424,1.4349,1.4196,0.24%
2019-05-18,1.4241,1.4124,1.4286,1.4104,0.81%
2019-05-19,1.4126,1.406,1.4144,1.4042,0.49%
2019-05-20,1.4057,1.412,1.4159,1.4046,-0.45%
2019-05-21,1.4121,1.416,1.4171,1.4005,-0.28%
2019-05-22,1.4161,1.4263,1.4281,1.4122,-0.72%
2019-05-23,1.4263,1.4219,1.4322,1.4189,0.26%
2019-05-24,1.4226,1.4365,1.4379,1.4176,-0.95%
2019-05-25,1.4362,1.438,1.4428,1.4327,-0.11%
2019-05-26,1.4378,1.438,1.446,1.436,-0.05%
2019-05-27,1.4385,1.4257,1.4409,1.4197,0.92%
2019-05-28,1.4254,1.4129,1.4282,1.4118,0.78%
2019-05-29,1.4143,1.4153,1.4159,1.4108,-0.08%
2019-05-30,1.4154,1.4114,1.4184,1.4057,0.26%
2019-05-31,1.4117,1.4207,1.4228,1.4082,-0.64%
2019-06-01,1.4208,1.4368,1.4398,1.419,-1.11%
2019-06-02,1.4367,1.448,1.448,1.4364,-0.78%
2019-06-03,1.448,1.4482,1.4516,1.4411,0.01%
2019-06-04,1.4479,1.4258,1.4503,1.422,1.54%
2019-06-05,1.4259,1.415,1.4274,1.4053,0.75%
2019-06-06,1.4153,1.4301,1.4309,1.4139,-1.04%
2019-06-07,1.4302,1.4384,1.4391,1.4291,-0.59%
2019-06-08,1.4387,1.4281,1.4438,1.4254,0.75%
2019-06-09,1.428,1.422,1.4322,1.4121,0.44%
2019-06-10,1.4217,1.4217,1.4244,1.4177,0.01%
2019-06-11,1.4216,1.4266,1.4276,1.4173,-0.34%
2019-06-12,1.4265,1.4234,1.4284,1.4135,0.26%
2019-06-13,1.4228,1.4179,1.4249,1.4108,0.35%
2019-06-14,1.4179,1.4078,1.4196,1.4032,0.72%
2019-06-15,1.4078,1.3948,1.4094,1.3914,0.93%
2019-06-16,1.3948,1.3918,1.4019,1.3904,0.23%
2019-06-17,1.3916,1.3869,1.3947,1.3834,0.33%
2019-06-18,1.387,1.3962,1.4045,1.3855,-0.67%
2019-06-19,1.3963,1.3924,1.3997,1.3898,0.26%
2019-06-20,1.3927,1.4022,1.4029,1.3877,-0.68%
2019-06-21,1.4022,1.4149,1.4156,1.4005,-0.90%
2019-06-22,1.415,1.431,1.432,1.4058,-1.78%
2019-06-23,1.4406,1.4333,1.4411,1.4248,0.48%
2019-06-24,1.4337,1.4299,1.4398,1.4259,0.28%
2019-06-25,1.4297,1.4303,1.4341,1.4236,-0.06%
2019-06-26,1.4305,1.4438,1.4518,1.4279,-0.90%
2019-06-27,1.4435,1.4501,1.4537,1.4413,-0.50%
2019-06-28,1.4507,1.4479,1.4572,1.4444,0.21%
2019-06-29,1.4477,1.4522,1.4565,1.4384,-0.31%
2019-06-30,1.4522,1.4468,1.4579,1.4448,0.34%
2019-07-01,1.4473,1.443,1.4517,1.4378,0.28%
2019-07-02,1.4432,1.4501,1.4547,1.4352,-0.49%
2019-07-03,1.4503,1.459,1.4594,1.4453,-0.59%
2019-07-04,1.4589,1.4602,1.467,1.4529,-0.10%
2019-07-05,1.4604,1.4414,1.4653,1.4386,1.34%
2019-07-06,1.4411,1.4434,1.4447,1.4326,-0.15%
2019-07-07,1.4433,1.4243,1.4448,1.4228,1.31%
2019-07-08,1.4247,1.4362,1.4415,1.415,-0.80%
2019-07-09,1.4362,1.4236,1.4412,1.4234,0.90%
2019-07-10,1.4234,1.4352,1.4358,1.423,-0.82%
2019-07-11,1.4352,1.4249,1.4368,1.4173,0.72%
2019-07-12,1.4249,1.427,1.4311,1.4223,-0.11%
2019-07-13,1.4265,1.4222,1.4364,1.4204,0.33%
2019-07-14,1.4218,1.4189,1.4249,1.408,0.19%
2019-07-15,1.4191,1.4154,1.422,1.4124,0.23%
2019-07-16,1.4158,1.4242,1.4341,1.4129,-0.60%
2019-07-17,1.4244,1.4262,1.4325,1.4236,-0.10%
2019-07-18,1.4258,1.4416,1.4431,1.4251,-1.08%
2019-07-19,1.4414,1.4404,1.4446,1.4359,0.05%
2019-07-20,1.4407,1.4444,1.4476,1.4379,-0.26%
2019-07-21,1.4444,1.4539,1.456,1.435,-0.69%
2019-07-22,1.4544,1.4526,1.4608,1.4497,0.17%
2019-07-23,1.452,1.4617,1.4646,1.4506,-0.66%
2019-07-24,1.4617,1.463,1.4642,1.4533,-0.07%
2019-07-25,1.4627,1.4675,1.4683,1.4601,-0.31%
2019-07-26,1.4672,1.4712,1.4726,1.4637,-0.31%
2019-07-27,1.4718,1.4748,1.4815,1.4663,-0.20%
2019-07-28,1.4748,1.4739,1.4753,1.4739,0.06%
2019-07-29,1.4739,1.4813,1.4845,1.4723,-0.53%
2019-07-30,1.4817,1.4815,1.4852,1.4794,0.03%
2019-07-31,1.4812,1.4877,1.4915,1.4784,-0.44%
2019-08-01,1.4877,1.491,1.4935,1.4871,-0.38%
2019-08-02,1.4933,1.4915,1.4948,1.4879,0.11%
2019-08-03,1.4917,1.4871,1.4947,1.4863,0.30%
2019-08-04,1.4872,1.4831,1.4904,1.4819,0.32%
2019-08-05,1.4825,1.4881,1.4908,1.4803,-0.40%
2019-08-06,1.4885,1.4903,1.4935,1.4882,-0.07%
2019-08-07,1.4895,1.4903,1.4951,1.4886,-0.04%
2019-08-08,1.4901,1.5,1.5004,1.4863,-0.69%
2019-08-09,1.5004,1.5038,1.5101,1.4966,-0.21%
2019-08-10,1.5035,1.5142,1.5186,1.5026,-0.71%
2019-08-11,1.5142,1.5217,1.5232,1.5107,-0.49%
2019-08-12,1.5217,1.5162,1.524,1.5126,0.38%
2019-08-13,1.5159,1.5175,1.5202,1.5111,-0.14%
2019-08-14,1.5181,1.5008,1.5191,1.5002,1.15%
2019-08-15,1.5008,1.5056,1.5062,1.4956,-0.30%
2019-08-16,1.5053,1.5098,1.5116,1.5041,-0.39%
2019-08-17,1.5112,1.5146,1.5158,1.5079,-0.22%
2019-08-18,1.5145,1.4951,1.516,1.4905,1.30%
2019-08-19,1.4951,1.5083,1.5087,1.4897,-0.86%
2019-08-20,1.5081,1.5055,1.5126,1.5049,0.16%
2019-08-21,1.5057,1.5038,1.5071,1.4994,0.13%
2019-08-22,1.5038,1.5103,1.5109,1.503,-0.42%
2019-08-23,1.5102,1.513,1.5133,1.5065,-0.17%
2019-08-24,1.5128,1.5078,1.5137,1.5055,0.27%
2019-08-25,1.5087,1.5126,1.5159,1.5055,-0.24%
2019-08-26,1.5124,1.5189,1.5198,1.5107,-0.45%
2019-08-27,1.5192,1.5292,1.5312,1.5183,-0.64%
2019-08-28,1.529,1.5236,1.5336,1.5223,0.35%
2019-08-29,1.5237,1.521,1.5249,1.5186,0.14%
2019-08-30,1.5215,1.5202,1.524,1.5156,0.11%
2019-08-31,1.5199,1.5236,1.5229,1.518,-0.22%
2019-09-01,1.5233,1.5233,1.5266,1.5188,0.01%
2019-09-02,1.5231,1.5208,1.5246,1.5172,0.12%
2019-09-03,1.5212,1.5122,1.5226,1.5118,0.63%
2019-09-04,1.5117,1.5113,1.5146,1.509,0.01%
2019-09-05,1.5115,1.5048,1.5128,1.5039,0.43%
2019-09-06,1.505,1.5207,1.5222,1.5026,-1.03%
2019-09-07,1.5206,1.5385,1.5402,1.5202,-1.15%
2019-09-08,1.5383,1.5419,1.5444,1.5357,-0.25%
2019-09-09,1.5421,1.5417,1.5448,1.536,0.03%
2019-09-10,1.5417,1.545,1.5499,1.5402,-0.08%
2019-09-11,1.5429,1.531,1.5468,1.5303,0.77%
2019-09-12,1.5311,1.5264,1.5326,1.5244,0.33%
2019-09-13,1.5261,1.5298,1.5347,1.5246,-0.24%
2019-09-14,1.5297,1.5353,1.536,1.5282,-0.35%
2019-09-15,1.535,1.5308,1.5382,1.5302,0.24%
2019-09-16,1.5314,1.5393,1.542,1.5303,-0.52%
2019-09-17,1.5394,1.5419,1.5509,1.537,-0.16%
2019-09-18,1.5419,1.5444,1.548,1.5412,-0.14%
2019-09-19,1.5441,1.5464,1.5505,1.5432,-0.16%
2019-09-20,1.5465,1.5435,1.5501,1.5429,0.19%
2019-09-21,1.5436,1.5454,1.5486,1.5429,-0.14%
2019-09-22,1.5457,1.5478,1.5513,1.5418,-0.13%
2019-09-23,1.5477,1.525,1.5499,1.5249,1.50%
2019-09-24,1.5248,1.5351,1.5391,1.5202,-0.63%
2019-09-25,1.5345,1.5318,1.5374,1.531,0.27%
2019-09-26,1.5304,1.5347,1.5384,1.5298,-0.29%
2019-09-27,1.5349,1.5319,1.5377,1.5263,0.20%
2019-09-28,1.5318,1.5229,1.5343,1.5223,0.60%
2019-09-29,1.5227,1.5149,1.5248,1.5143,0.55%
2019-09-30,1.5144,1.5178,1.5244,1.5135,-0.25%
2019-10-01,1.5182,1.5127,1.5238,1.5124,0.35%
2019-10-02,1.5129,1.5128,1.518,1.5107,0.00%
2019-10-03,1.5129,1.5149,1.5214,1.5107,-0.15%
2019-10-04,1.5151,1.5175,1.5208,1.513,-0.15%
2019-10-05,1.5174,1.5184,1.5243,1.5158,-0.05%
2019-10-06,1.5182,1.5241,1.5261,1.5134,-0.39%
2019-10-07,1.5241,1.5241,1.5289,1.5199,-0.03%
2019-10-08,1.5246,1.5362,1.537,1.5221,-0.77%
2019-10-09,1.5365,1.5505,1.5531,1.5341,-0.92%
2019-10-10,1.5507,1.5535,1.5568,1.548,-0.16%
2019-10-11,1.5532,1.5589,1.5659,1.5513,-0.38%
2019-10-12,1.5591,1.5492,1.5632,1.5488,0.63%
2019-10-13,1.5493,1.5341,1.5529,1.5328,0.98%
2019-10-14,1.5342,1.5425,1.5457,1.5326,-0.54%
2019-10-15,1.5426,1.5422,1.5473,1.5373,-0.02%
2019-10-16,1.5429,1.5442,1.5465,1.54,-0.11%
2019-10-17,1.5446,1.5366,1.5478,1.5339,0.51%
2019-10-18,1.5368,1.54,1.5409,1.5352,-0.18%
2019-10-19,1.5396,1.5275,1.5413,1.5267,0.83%
2019-10-20,1.527,1.5179,1.5289,1.5169,0.65%
2019-10-21,1.5171,1.5258,1.5276,1.5163,-0.56%
2019-10-22,1.5257,1.5299,1.5316,1.5219,-0.29%
2019-10-23,1.5301,1.5302,1.5327,1.5265,-0.01%
2019-10-24,1.5303,1.5343,1.5408,1.5298,-0.26%
2019-10-25,1.5343,1.5394,1.5437,1.5336,-0.32%
2019-10-26,1.5393,1.5401,1.5445,1.5335,-0.05%
2019-10-27,1.54,1.546,1.5509,1.5369,-0.38%
2019-10-28,1.5459,1.5687,1.572,1.545,-1.46%
2019-10-29,1.5688,1.5778,1.582,1.5679,-0.56%
2019-10-30,1.5776,1.5701,1.5804,1.563,0.50%
2019-10-31,1.5697,1.5687,1.5725,1.5657,0.06%
2019-11-01,1.5688,1.5678,1.5702,1.5605,0.05%
2019-11-02,1.568,1.5657,1.5701,1.5635,0.12%
2019-11-03,1.5661,1.5591,1.5722,1.5565,0.47%
2019-11-04,1.5587,1.5645,1.5692,1.5582,-0.38%
2019-11-05,1.5646,1.5608,1.5661,1.5589,0.23%
2019-11-06,1.561,1.561,1.564,1.5575,-0.03%
2019-11-07,1.5615,1.5571,1.5662,1.5534,0.27%
2019-11-08,1.5573,1.5587,1.5613,1.5553,-0.09%
2019-11-09,1.5587,1.5491,1.5605,1.5456,0.58%
2019-11-10,1.5497,1.5509,1.5545,1.5423,-0.10%
2019-11-11,1.5512,1.5602,1.5638,1.5468,-0.58%
2019-11-12,1.5602,1.5564,1.5652,1.5526,0.24%
2019-11-13,1.5564,1.5589,1.5636,1.5557,-0.15%
2019-11-14,1.5587,1.5627,1.5648,1.5566,-0.24%
2019-11-15,1.5624,1.5602,1.5679,1.5549,0.14%
2019-11-16,1.5602,1.5598,1.564,1.5562,-0.01%
2019-11-17,1.5604,1.5614,1.5692,1.5589,-0.04%
2019-11-18,1.5611,1.5558,1.5629,1.5528,0.34%
2019-11-19,1.5558,1.5511,1.5596,1.5492,0.28%
2019-11-20,1.5514,1.5514,1.5527,1.5467,0.00%
2019-11-21,1.5514,1.5616,1.5673,1.5501,-0.64%
2019-11-22,1.5614,1.5558,1.5646,1.5545,0.36%
2019-11-23,1.5558,1.5562,1.5591,1.5528,-0.05%
2019-11-24,1.5566,1.561,1.5629,1.5539,-0.28%
2019-11-25,1.5609,1.561,1.5672,1.5555,-0.01%
2019-11-26,1.561,1.5642,1.5654,1.5562,-0.17%
2019-11-27,1.5637,1.5634,1.5676,1.5577,0.01%
2019-11-28,1.5636,1.5491,1.5644,1.5455,0.96%
2019-11-29,1.5488,1.5505,1.5591,1.548,-0.24%
2019-11-30,1.5526,1.5381,1.5551,1.5362,0.95%
2019-12-01,1.538,1.5361,1.5423,1.5344,0.12%
2019-12-02,1.5362,1.5463,1.5467,1.533,-0.65%
2019-12-03,1.5462,1.5602,1.561,1.5414,-0.92%
2019-12-04,1.5606,1.5538,1.5633,1.5535,0.23%
2019-12-05,1.557,1.561,1.5646,1.5558,-0.25%
2019-12-06,1.5609,1.5616,1.5641,1.5563,-0.06%
2019-12-07,1.5618,1.5713,1.5737,1.5594,-0.58%
2019-12-08,1.5709,1.5741,1.5778,1.5694,-0.19%
2019-12-09,1.5739,1.5694,1.5789,1.5665,-0.08%
2019-12-10,1.5752,1.5746,1.5768,1.5708,0.03%
2019-12-11,1.5747,1.5705,1.5773,1.5677,0.26%
2019-12-12,1.5706,1.5731,1.5806,1.567,-0.15%
2019-12-13,1.573,1.5821,1.5833,1.5705,-0.60%
2019-12-14,1.5825,1.587,1.5912,1.5806,-0.37%
2019-12-15,1.5884,1.5881,1.5897,1.5835,0.02%
2019-12-16,1.5881,1.5833,1.593,1.5805,0.30%
2019-12-17,1.5833,1.5648,1.585,1.5625,1.18%
2019-12-18,1.5648,1.5604,1.5657,1.5543,0.30%
2019-12-19,1.5601,1.5563,1.5614,1.5487,0.27%
2019-12-20,1.5559,1.5517,1.5603,1.5471,0.26%
2019-12-21,1.5518,1.5531,1.5538,1.5425,-0.08%
2019-12-22,1.553,1.5385,1.5553,1.5368,0.94%
2019-12-23,1.5386,1.535,1.5391,1.5258,0.23%
2019-12-24,1.535,1.5261,1.5365,1.5221,0.51%
2019-12-25,1.5272,1.5362,1.5371,1.519,-0.61%
2019-12-26,1.5366,1.5341,1.5442,1.5303,0.16%
2019-12-27,1.5341,1.5347,1.538,1.5254,-0.02%
2019-12-28,1.5344,1.5202,1.5368,1.518,0.94%
2019-12-29,1.5201,1.5292,1.5305,1.5169,-0.59%
2019-12-30,1.5291,1.5317,1.5345,1.5237,-0.16%
2019-12-31,1.5316,1.5356,1.5387,1.5261,-0.25%
2020-01-01,1.5355,1.5385,1.5439,1.5301,-0.19%
2020-01-02,1.5385,1.5469,1.548,1.5356,-0.56%
2020-01-03,1.5471,1.5486,1.5512,1.546,-0.12%
2020-01-04,1.549,1.5662,1.5691,1.5457,-1.10%
2020-01-05,1.5662,1.5533,1.5701,1.5522,0.80%
2020-01-06,1.5537,1.5509,1.5591,1.5473,0.17%
2020-01-07,1.551,1.5649,1.5671,1.5447,-0.91%
2020-01-08,1.5653,1.5736,1.5751,1.5639,-0.45%
2020-01-09,1.5723,1.5776,1.5809,1.5701,-0.34%
2020-01-10,1.5776,1.5745,1.5817,1.5729,0.20%
2020-01-11,1.5745,1.5667,1.577,1.5633,0.47%
2020-01-12,1.5671,1.5591,1.5717,1.5561,0.54%
2020-01-13,1.5587,1.5446,1.5614,1.5393,0.84%
2020-01-14,1.5457,1.5246,1.5524,1.5244,1.38%
2020-01-15,1.5246,1.5244,1.5276,1.5164,0.01%
2020-01-16,1.5245,1.5179,1.5292,1.515,0.41%
2020-01-17,1.5183,1.5122,1.5219,1.509,0.42%
2020-01-18,1.512,1.5143,1.5176,1.509,-0.14%
2020-01-19,1.5141,1.5351,1.5398,1.5114,-1.37%
2020-01-20,1.5351,1.544,1.5492,1.5303,-0.58%
2020-01-21,1.544,1.5342,1.55,1.5329,0.67%
2020-01-22,1.5338,1.5239,1.5343,1.5176,0.66%
2020-01-23,1.5238,1.5171,1.5265,1.5109,0.32%
2020-01-24,1.5189,1.5055,1.5191,1.5027,0.86%
2020-01-25,1.5059,1.5036,1.5071,1.496,0.15%
2020-01-26,1.5036,1.4926,1.5084,1.4914,0.74%
2020-01-27,1.4926,1.4908,1.4978,1.4858,0.13%
2020-01-28,1.4906,1.496,1.4986,1.4889,-0.37%
2020-01-29,1.4962,1.4933,1.5055,1.4916,0.18%
2020-01-30,1.4935,1.484,1.4971,1.4813,0.63%
2020-01-31,1.4842,1.4781,1.4857,1.4704,0.42%
2020-02-01,1.478,1.4674,1.4805,1.4605,0.71%
2020-02-02,1.4676,1.4638,1.4687,1.4569,0.30%
2020-02-03,1.4632,1.4712,1.4726,1.4587,-0.56%
2020-02-04,1.4714,1.4867,1.4888,1.4682,-1.03%
2020-02-05,1.4867,1.4806,1.4975,1.4804,0.40%
2020-02-06,1.4808,1.488,1.4922,1.4801,-0.48%
2020-02-07,1.488,1.4922,1.4983,1.4869,-0.27%
2020-02-08,1.4921,1.4827,1.4945,1.481,0.62%
2020-02-09,1.4829,1.4826,1.487,1.4779,0.04%
2020-02-10,1.4823,1.4817,1.4873,1.4739,0.03%
2020-02-11,1.4818,1.4811,1.4873,1.4754,0.05%
2020-02-12,1.481,1.488,1.4903,1.4754,-0.46%
2020-02-13,1.4878,1.485,1.4924,1.4796,0.19%
2020-02-14,1.485,1.4881,1.4995,1.4807,-0.20%
2020-02-15,1.488,1.4851,1.4956,1.4829,0.20%
2020-02-16,1.4851,1.4952,1.4985,1.484,-0.68%
2020-02-17,1.4952,1.497,1.499,1.484,0.01%
2020-02-18,1.4951,1.4753,1.499,1.4722,1.35%
2020-02-19,1.4752,1.4982,1.5013,1.469,-1.51%
2020-02-20,1.4978,1.4745,1.5149,1.4634,1.58%
2020-02-21,1.4745,1.4827,1.4845,1.4722,-0.57%
2020-02-22,1.4829,1.4744,1.4855,1.4731,0.58%
2020-02-23,1.4744,1.4883,1.4897,1.4698,-0.93%
2020-02-24,1.4882,1.4928,1.5027,1.4848,-0.31%
2020-02-25,1.4929,1.5069,1.51,1.4896,-0.94%
2020-02-26,1.507,1.5132,1.5133,1.5031,-0.38%
2020-02-27,1.5128,1.5038,1.5137,1.5023,0.60%
2020-02-28,1.5038,1.524,1.5257,1.5029,-1.33%
2020-02-29,1.5241,1.5264,1.527,1.5214,-0.15%
2020-03-01,1.5264,1.5361,1.5373,1.5249,-0.63%
2020-03-02,1.5361,1.5363,1.5399,1.5344,-0.02%
2020-03-03,1.5364,1.5437,1.5445,1.5349,-0.45%
2020-03-04,1.5434,1.5406,1.5461,1.5384,0.18%
2020-03-05,1.5406,1.5528,1.5553,1.5391,-0.79%
2020-03-06,1.5528,1.5452,1.5539,1.5444,0.47%
2020-03-07,1.5455,1.5456,1.5475,1.5402,-0.01%
2020-03-08,1.5457,1.5398,1.5478,1.5334,0.37%
2020-03-09,1.54,1.5413,1.5435,1.5343,-0.08%
2020-03-10,1.5413,1.5433,1.5466,1.5402,-0.14%
2020-03-11,1.5435,1.5357,1.5483,1.5344,0.53%
2020-03-12,1.5354,1.5362,1.5403,1.5316,-0.05%
2020-03-13,1.5362,1.5402,1.5445,1.534,-0.25%
2020-03-14,1.54,1.5385,1.5425,1.5372,0.10%
2020-03-15,1.5385,1.5234,1.5417,1.521,0.96%
2020-03-16,1.5238,1.5251,1.5301,1.5218,-0.10%
2020-03-17,1.5254,1.5215,1.5277,1.5197,0.26%
2020-03-18,1.5215,1.5249,1.5272,1.5203,-0.20%
2020-03-19,1.5246,1.533,1.5354,1.521,-0.53%
2020-03-20,1.5328,1.5181,1.5347,1.5164,0.96%
2020-03-21,1.5183,1.5168,1.5252,1.5137,0.11%
2020-03-22,1.5166,1.5038,1.5196,1.4987,0.84%
2020-03-23,1.504,1.5086,1.5101,1.5005,-0.19%
2020-03-24,1.5069,1.5068,1.5098,1.499,0.01%
2020-03-25,1.5067,1.5135,1.5164,1.5017,-0.45%
2020-03-26,1.5135,1.5198,1.5221,1.5128,-0.41%
2020-03-27,1.5197,1.5077,1.5223,1.5059,0.78%
2020-03-28,1.508,1.4987,1.5103,1.4975,0.60%
2020-03-29,1.499,1.501,1.5038,1.495,-0.13%
2020-03-30,1.501,1.5143,1.5213,1.4971,-0.88%
2020-03-31,1.5143,1.5144,1.5179,1.5075,-0.01%
2020-04-01,1.5145,1.5112,1.5201,1.5057,0.22%
2020-04-02,1.5111,1.5169,1.5181,1.5105,-0.26%
2020-04-03,1.5151,1.5185,1.5237,1.5076,-0.21%
2020-04-04,1.5183,1.5236,1.5269,1.5151,-0.32%
2020-04-05,1.5232,1.516,1.5269,1.5143,0.48%
2020-04-06,1.5159,1.517,1.5192,1.5075,-0.08%
2020-04-07,1.5171,1.5184,1.5194,1.5097,0.07%
2020-04-08,1.516,1.509,1.5177,1.5076,0.48%
2020-04-09,1.5088,1.5109,1.5118,1.5034,-0.15%
2020-04-10,1.5111,1.5151,1.5157,1.5055,-0.26%
2020-04-11,1.5151,1.5249,1.5275,1.5141,-0.65%
2020-04-12,1.525,1.5332,1.5337,1.52,-0.51%
2020-04-13,1.5328,1.5585,1.5587,1.5328,-1.40%
2020-04-14,1.5545,1.5577,1.5581,1.5545,-0.19%
2020-04-15,1.5575,1.5559,1.5621,1.5549,0.10%
2020-04-16,1.5559,1.5515,1.5575,1.55,0.29%
2020-04-17,1.5514,1.5568,1.5588,1.5508,-0.27%
2020-04-18,1.5556,1.554,1.557,1.5538,0.12%
2020-04-19,1.5538,1.5557,1.5567,1.5528,-0.14%
2020-04-20,1.556,1.5522,1.5566,1.5503,0.24%
2020-04-21,1.5522,1.5591,1.561,1.5486,-0.44%
2020-04-22,1.559,1.562,1.5667,1.5573,-0.26%
2020-04-23,1.5631,1.5671,1.5684,1.5604,-0.26%
2020-04-24,1.5671,1.5576,1.568,1.555,0.62%
2020-04-25,1.5575,1.5749,1.5757,1.5544,-1.10%
2020-04-26,1.5749,1.5638,1.5787,1.561,0.71%
2020-04-27,1.5638,1.572,1.5747,1.56,-0.52%
2020-04-28,1.572,1.5734,1.5747,1.5694,-0.08%
2020-04-29,1.5732,1.5715,1.5756,1.565,0.10%
2020-04-30,1.5716,1.5672,1.5722,1.5648,0.29%
2020-05-01,1.5671,1.5654,1.5719,1.5626,0.11%
2020-05-02,1.5653,1.5588,1.5682,1.5542,0.45%
2020-05-03,1.5583,1.5675,1.5697,1.557,-0.57%
2020-05-04,1.5673,1.5686,1.5726,1.5642,-0.08%
2020-05-05,1.5686,1.5637,1.5719,1.5619,0.32%
2020-05-06,1.5636,1.5729,1.5744,1.563,-0.60%
2020-05-07,1.573,1.565,1.5765,1.5587,0.52%
2020-05-08,1.5648,1.5736,1.5743,1.5614,-0.56%
2020-05-09,1.5736,1.5794,1.5828,1.5716,-0.35%
2020-05-10,1.5792,1.571,1.5807,1.5679,0.53%
2020-05-11,1.5708,1.5708,1.5736,1.5648,0.02%
2020-05-12,1.5705,1.5657,1.5715,1.5627,0.32%
2020-05-13,1.5655,1.5694,1.5716,1.5628,-0.25%
2020-05-14,1.5695,1.5683,1.5738,1.5632,0.08%
2020-05-15,1.5682,1.563,1.5721,1.5589,0.31%
2020-05-16,1.5634,1.5642,1.5682,1.563,-0.04%
2020-05-17,1.5641,1.5669,1.5737,1.5619,-0.18%
2020-05-18,1.5669,1.5711,1.5713,1.5593,-0.27%
2020-05-19,1.5711,1.5781,1.5782,1.5694,-0.44%
2020-05-20,1.5781,1.5922,1.5943,1.5776,-0.87%
2020-05-21,1.5919,1.5842,1.5945,1.5833,0.49%
2020-05-22,1.5842,1.5875,1.5919,1.584,-0.20%
2020-05-23,1.5873,1.5833,1.5888,1.5791,0.27%
2020-05-24,1.5831,1.5978,1.6004,1.5825,-0.91%
2020-05-25,1.5977,1.6004,1.6024,1.587,-0.17%
2020-05-26,1.6004,1.5972,1.6016,1.5964,0.20%
2020-05-27,1.5972,1.5977,1.602,1.5927,-0.16%
2020-05-28,1.5998,1.6002,1.6017,1.5944,-0.01%
2020-05-29,1.6,1.6014,1.604,1.5951,-0.07%
2020-05-30,1.6011,1.6134,1.6163,1.6002,-0.74%
2020-05-31,1.613,1.612,1.6183,1.6086,0.06%
2020-06-01,1.612,1.6098,1.6147,1.6077,0.19%
2020-06-02,1.609,1.6031,1.61,1.6018,0.37%
2020-06-03,1.6031,1.6052,1.6062,1.5996,-0.12%
2020-06-04,1.605,1.6109,1.6132,1.601,-0.38%
2020-06-05,1.6111,1.6164,1.6187,1.6111,-0.33%
2020-06-06,1.6165,1.6097,1.6182,1.608,0.44%
2020-06-07,1.6094,1.609,1.6128,1.6029,0.04%
2020-06-08,1.6088,1.6022,1.6097,1.5941,0.42%
2020-06-09,1.6021,1.5903,1.6071,1.5875,0.73%
2020-06-10,1.5905,1.6086,1.6103,1.5896,-1.12%
2020-06-11,1.6085,1.6077,1.6128,1.6051,0.04%
2020-06-12,1.6078,1.612,1.6138,1.6009,-0.25%
2020-06-13,1.6119,1.617,1.6228,1.6104,-0.30%
2020-06-14,1.6168,1.6095,1.6182,1.603,0.45%
2020-06-15,1.6096,1.6084,1.613,1.6025,0.07%
2020-06-16,1.6084,1.5959,1.61,1.5943,0.75%
2020-06-17,1.5964,1.6145,1.616,1.5953,-1.11%
2020-06-18,1.6143,1.6185,1.625,1.6111,-0.27%
2020-06-19,1.6186,1.6214,1.6253,1.6162,-0.17%
2020-06-20,1.6214,1.624,1.6288,1.6166,-0.17%
2020-06-21,1.6242,1.6246,1.6275,1.6214,-0.03%
2020-06-22,1.6247,1.6319,1.6334,1.6237,-0.43%
2020-06-23,1.6317,1.6341,1.6345,1.6277,-0.14%
2020-06-24,1.634,1.639,1.6416,1.6327,-0.30%
2020-06-25,1.6389,1.6362,1.6418,1.6303,0.17%
2020-06-26,1.6361,1.6288,1.6369,1.6288,0.45%
2020-06-27,1.6288,1.6401,1.6526,1.6284,-0.69%
2020-06-28,1.6401,1.6277,1.641,1.6246,0.77%
2020-06-29,1.6275,1.6279,1.6359,1.625,-0.01%
2020-06-30,1.6277,1.6233,1.6312,1.6162,0.27%
2020-07-01,1.6233,1.6271,1.6279,1.622,-0.22%
2020-07-02,1.6269,1.6256,1.6279,1.6206,0.09%
2020-07-03,1.6255,1.6212,1.627,1.6184,0.27%
2020-07-04,1.6212,1.6107,1.6231,1.6052,0.65%
2020-07-05,1.6107,1.6105,1.6159,1.6058,0.01%
2020-07-06,1.6105,1.6202,1.6235,1.6098,-1.36%
2020-07-07,1.6327,1.6333,1.6341,1.6284,-0.03%
2020-07-08,1.6332,1.6462,1.6467,1.633,-0.79%
2020-07-09,1.6462,1.6471,1.6499,1.6439,-0.05%
2020-07-10,1.6471,1.6608,1.6616,1.6467,-0.82%
2020-07-11,1.6608,1.6593,1.6644,1.6583,0.05%
2020-07-12,1.6599,1.6587,1.6614,1.6562,0.07%
2020-07-13,1.6587,1.6578,1.6616,1.6568,0.07%
2020-07-14,1.6576,1.6542,1.6606,1.6536,0.22%
2020-07-15,1.654,1.6578,1.6596,1.6538,-0.23%
2020-07-16,1.6578,1.657,1.6599,1.6526,0.04%
2020-07-17,1.6571,1.6579,1.6597,1.6561,-0.05%
2020-07-18,1.658,1.6597,1.6603,1.6562,-0.09%
2020-07-19,1.6595,1.6616,1.6679,1.6589,-0.13%
2020-07-20,1.6617,1.673,1.673,1.6611,-0.66%
2020-07-21,1.6728,1.6723,1.6741,1.6712,0.19%
2020-07-22,1.6696,1.6688,1.6704,1.6677,0.05%
2020-07-23,1.6687,1.669,1.6698,1.6656,-0.01%
2020-07-24,1.6688,1.6813,1.6844,1.6685,-0.75%
2020-07-25,1.6814,1.6787,1.6818,1.6755,0.16%
2020-07-26,1.6787,1.6783,1.6796,1.6768,0.08%
2020-07-27,1.6774,1.6831,1.6835,1.6765,-0.35%
2020-07-28,1.6833,1.6852,1.6865,1.6822,-0.12%
2020-07-29,1.6854,1.6886,1.689,1.682,-0.19%
2020-07-30,1.6886,1.6864,1.689,1.6845,0.14%
2020-07-31,1.6863,1.682,1.6864,1.6812,0.26%
2020-08-01,1.682,1.6885,1.6894,1.6814,-0.39%
2020-08-02,1.6886,1.6915,1.6928,1.6857,-0.17%
2020-08-03,1.6915,1.6944,1.6957,1.6888,-0.18%
2020-08-04,1.6945,1.6984,1.6997,1.6933,-0.23%
2020-08-05,1.6984,1.6973,1.7002,1.6972,0.06%
2020-08-06,1.6974,1.6987,1.7001,1.6961,-0.07%
2020-08-07,1.6986,1.7046,1.7056,1.6966,-0.33%
2020-08-08,1.7043,1.7066,1.7096,1.7022,-0.12%
2020-08-09,1.7064,1.7077,1.7085,1.7041,-0.06%
2020-08-10,1.7075,1.7092,1.71,1.7054,-0.08%
2020-08-11,1.7088,1.7101,1.7119,1.7036,-0.07%
2020-08-12,1.71,1.7138,1.7146,1.7087,-0.22%
2020-08-13,1.7138,1.7142,1.7153,1.7113,-0.03%
2020-08-14,1.7143,1.7085,1.7193,1.7059,0.34%
2020-08-15,1.7085,1.7117,1.7144,1.7069,-0.23%
2020-08-16,1.7125,1.7134,1.7153,1.71,-0.04%
2020-08-17,1.7132,1.7157,1.717,1.7104,-0.15%
2020-08-18,1.7157,1.7132,1.7163,1.7094,0.15%
2020-08-19,1.7132,1.7127,1.7148,1.7083,0.03%
2020-08-20,1.7127,1.7162,1.7171,1.7107,-0.19%
2020-08-21,1.7159,1.7155,1.718,1.713,0.02%
2020-08-22,1.7155,1.7167,1.717,1.7106,-0.06%
2020-08-23,1.7166,1.7151,1.7179,1.7141,0.09%
2020-08-24,1.715,1.7108,1.7168,1.7095,0.26%
2020-08-25,1.7106,1.7021,1.7118,1.7008,0.42%
2020-08-26,1.7035,1.7026,1.7053,1.7007,0.05%
2020-08-27,1.7027,1.6986,1.7042,1.6971,0.25%
2020-08-28,1.6984,1.6984,1.7005,1.6949,-0.01%
2020-08-29,1.6986,1.7029,1.7033,1.6965,-0.24%
2020-08-30,1.7027,1.7015,1.7052,1.7002,0.09%
2020-08-31,1.7012,1.7039,1.7062,1.7003,-0.17%
2020-09-01,1.7041,1.6993,1.7064,1.6982,0.28%
2020-09-02,1.6993,1.6965,1.7002,1.6925,0.16%
2020-09-03,1.6966,1.6986,1.6992,1.6939,-0.11%
2020-09-04,1.6984,1.697,1.7012,1.6959,0.11%
2020-09-05,1.6965,1.6929,1.6994,1.6922,0.22%
2020-09-06,1.6928,1.6787,1.693,1.6784,0.83%
2020-09-07,1.6788,1.6757,1.6811,1.6738,0.19%
2020-09-08,1.6756,1.6801,1.6818,1.6742,-0.28%
2020-09-09,1.6803,1.6797,1.6835,1.6784,0.00%
2020-09-10,1.6803,1.6822,1.6846,1.6782,-0.10%
2020-09-11,1.682,1.6736,1.6824,1.6721,0.50%
2020-09-12,1.6737,1.675,1.677,1.6698,-0.07%
2020-09-13,1.6749,1.6745,1.6782,1.6728,0.02%
2020-09-14,1.6746,1.676,1.6771,1.6724,-0.04%
2020-09-15,1.6752,1.6717,1.6779,1.6713,0.21%
2020-09-16,1.6717,1.6711,1.6742,1.6692,0.04%
2020-09-17,1.6711,1.681,1.6816,1.6698,-0.59%
2020-09-18,1.681,1.6841,1.6883,1.6782,-0.20%
2020-09-19,1.6843,1.6836,1.6855,1.6826,0.06%
2020-09-20,1.6833,1.6871,1.6877,1.6812,-0.23%
2020-09-21,1.6871,1.69,1.6919,1.6852,-0.18%
2020-09-22,1.6902,1.6839,1.6923,1.6831,0.38%
2020-09-23,1.6838,1.6813,1.6864,1.6801,0.14%
2020-09-24,1.6814,1.6812,1.6846,1.6805,-0.01%
2020-09-25,1.6816,1.6791,1.6841,1.6784,0.16%
2020-09-26,1.6789,1.6767,1.6807,1.6731,0.14%
2020-09-27,1.6766,1.6824,1.6875,1.6751,-0.36%
2020-09-28,1.6826,1.6867,1.6883,1.6817,-0.25%
2020-09-29,1.6869,1.6839,1.6904,1.6835,0.11%
2020-09-30,1.6851,1.6935,1.6939,1.6832,-0.48%
2020-10-01,1.6933,1.6955,1.6977,1.6923,-0.12%
2020-10-02,1.6954,1.6975,1.6988,1.6951,-0.14%
2020-10-03,1.6978,1.6867,1.6997,1.6864,0.67%
2020-10-04,1.6865,1.687,1.689,1.6855,-0.01%
2020-10-05,1.6867,1.6892,1.6898,1.6822,-0.15%
2020-10-06,1.6893,1.6874,1.692,1.6869,0.12%
2020-10-07,1.6873,1.683,1.6903,1.6807,0.27%
2020-10-08,1.6827,1.6808,1.685,1.6793,0.11%
2020-10-09,1.6808,1.6791,1.6856,1.6776,0.02%
2020-10-10,1.6805,1.6805,1.683,1.679,0.00%
2020-10-11,1.6805,1.6784,1.6809,1.6765,0.13%
2020-10-12,1.6783,1.6824,1.6838,1.6763,-0.24%
2020-10-13,1.6824,1.6791,1.6841,1.6784,0.19%
2020-10-14,1.6792,1.6787,1.682,1.6782,-0.10%
2020-10-15,1.6808,1.6793,1.6808,1.6772,0.09%
2020-10-16,1.6793,1.6796,1.6843,1.6786,-0.03%
2020-10-17,1.6798,1.6731,1.682,1.6719,0.41%
2020-10-18,1.673,1.673,1.675,1.6682,0.00%
2020-10-19,1.673,1.6709,1.6745,1.6696,-0.02%
2020-10-20,1.6734,1.6785,1.6791,1.6717,-0.30%
2020-10-21,1.6785,1.6795,1.6822,1.6755,-0.05%
2020-10-22,1.6793,1.6747,1.6801,1.6723,0.27%
2020-10-23,1.6748,1.6608,1.6756,1.6603,0.83%
2020-10-24,1.661,1.6574,1.6625,1.6564,0.18%
2020-10-25,1.658,1.6597,1.6606,1.6553,-0.11%
2020-10-26,1.6599,1.6627,1.6662,1.657,-0.17%
2020-10-27,1.6627,1.6627,1.6664,1.6618,-0.01%
2020-10-28,1.6629,1.666,1.6679,1.6616,-0.20%
2020-10-29,1.6663,1.665,1.6686,1.6612,0.15%
2020-10-30,1.6638,1.6612,1.6653,1.6599,0.16%
2020-10-31,1.6612,1.6584,1.665,1.6555,0.15%
2020-11-01,1.6587,1.6528,1.6599,1.6509,0.35%
2020-11-02,1.6529,1.6498,1.6551,1.6481,0.19%
2020-11-03,1.6498,1.649,1.6538,1.646,0.07%
2020-11-04,1.6486,1.6507,1.6522,1.6475,-0.12%
2020-11-05,1.6505,1.6543,1.657,1.6481,-0.22%
2020-11-06,1.6542,1.6593,1.6655,1.6508,-0.31%
2020-11-07,1.6593,1.6635,1.6648,1.6544,-0.26%
2020-11-08,1.6637,1.6644,1.6669,1.6604,-0.05%
2020-11-09,1.6646,1.6627,1.6652,1.6588,0.13%
2020-11-10,1.6625,1.6618,1.6717,1.6605,0.03%
2020-11-11,1.662,1.6618,1.664,1.657,0.02%
2020-11-12,1.6617,1.6646,1.6655,1.6596,-0.17%
2020-11-13,1.6646,1.672,1.675,1.6623,-0.40%
2020-11-14,1.6713,1.674,1.6787,1.6707,-0.16%
2020-11-15,1.674,1.6723,1.6778,1.6685,0.10%
2020-11-16,1.6723,1.6664,1.6743,1.6656,0.35%
2020-11-17,1.6664,1.6667,1.6718,1.664,-0.02%
2020-11-18,1.6667,1.6747,1.6752,1.6654,-0.47%
2020-11-19,1.6745,1.6687,1.6771,1.6677,0.34%
2020-11-20,1.6688,1.6675,1.67,1.6618,0.09%
2020-11-21,1.6673,1.6677,1.6702,1.662,-0.05%
2020-11-22,1.6681,1.6656,1.6728,1.6641,0.15%
2020-11-23,1.6656,1.662,1.6679,1.6582,0.24%
2020-11-24,1.6616,1.6652,1.6726,1.6612,-0.20%
2020-11-25,1.665,1.6679,1.6698,1.6625,-0.19%
2020-11-26,1.6681,1.6683,1.6734,1.6637,-0.02%
2020-11-27,1.6684,1.6715,1.6742,1.6655,-0.19%
2020-11-28,1.6715,1.6744,1.6824,1.6694,-0.19%
2020-11-29,1.6747,1.666,1.6757,1.6643,0.52%
2020-11-30,1.666,1.6595,1.6675,1.6593,0.39%
2020-12-01,1.6595,1.6452,1.6601,1.6425,0.88%
2020-12-02,1.645,1.6401,1.6489,1.6392,0.30%
2020-12-03,1.6401,1.6411,1.6429,1.6381,-0.07%
2020-12-04,1.6412,1.6324,1.642,1.63,0.55%
2020-12-05,1.6322,1.6311,1.6351,1.6273,0.08%
2020-12-06,1.6309,1.6326,1.6343,1.6252,-0.10%
2020-12-07,1.6326,1.6307,1.6345,1.6256,0.13%
2020-12-08,1.6305,1.6445,1.6446,1.6288,-0.79%
2020-12-09,1.6435,1.6488,1.65,1.6429,-0.30%
2020-12-10,1.6485,1.6561,1.6567,1.6444,-0.46%
2020-12-11,1.6562,1.6578,1.6609,1.6527,-0.10%
2020-12-12,1.6579,1.6586,1.6626,1.6536,-0.04%
2020-12-13,1.6585,1.6481,1.6589,1.6473,0.62%
2020-12-14,1.6483,1.6639,1.667,1.648,-0.93%
2020-12-15,1.6637,1.6575,1.6644,1.6555,0.37%
2020-12-16,1.6575,1.6474,1.6586,1.6449,0.60%
2020-12-17,1.6476,1.643,1.6486,1.6399,0.27%
2020-12-18,1.6431,1.6421,1.6454,1.6397,0.04%
2020-12-19,1.6424,1.6357,1.6461,1.6312,0.43%
2020-12-20,1.6354,1.6371,1.6382,1.6317,-0.10%
2020-12-21,1.6371,1.6439,1.6446,1.6324,-0.43%
2020-12-22,1.6441,1.6385,1.6466,1.6368,0.35%
2020-12-23,1.6383,1.6479,1.6509,1.6347,-0.60%
2020-12-24,1.6482,1.6482,1.6521,1.6402,0.01%
2020-12-25,1.6481,1.6448,1.6497,1.6441,0.20%
2020-12-26,1.6448,1.6403,1.6472,1.6376,0.27%
2020-12-27,1.6403,1.6406,1.644,1.6374,-0.02%
2020-12-28,1.6406,1.641,1.6435,1.6338,-0.06%
2020-12-29,1.6416,1.6454,1.6477,1.6397,-0.23%
2020-12-30,1.6454,1.6566,1.6606,1.6415,-0.68%
2020-12-31,1.6566,1.6559,1.658,1.6528,0.05%
